Rk;Player;Pos;Age;Tm;G;GS;MP;FG;FGA;FG%;3P;3PA;3P%;2P;2PA;2P%;eFG%;FT;FTA;FT%;ORB;DRB;TRB;AST;STL;BLK;TOV;PF;PTS
1;Precious Achiuwa;C;23;TOR;7;0;22.4;2.9;7.7;0.37;0.6;2.6;0.222;2.3;5.1;0.444;0.407;2.1;2.7;0.789;1.9;6.1;8;1.3;0;0.3;1.3;1.6;8.4
2;Steven Adams;C;29;MEM;7;7;25.9;2.3;4.1;0.552;0;0;0;2.3;4.1;0.552;0.552;0.6;2.6;0.222;3.9;6.1;10;2;0.7;1.4;2.3;2.6;5.1
3;Bam Adebayo;C;25;MIA;8;8;35.4;6.8;12.6;0.535;0;0.3;0;6.8;12.4;0.545;0.535;4.1;4.9;0.846;2.3;5.6;7.9;3.1;1.4;1.1;3.4;3.4;17.6
4;Ochai Agbaji;SG;22;UTA;4;0;14.8;2;4.8;0.421;0;1.5;0;2;3.3;0.615;0.421;1;1.8;0.571;1;1;2;0.3;0;0;0;1.3;5
5;Santi Aldama;PF;22;MEM;7;7;29.4;3.6;8.3;0.431;0.9;3.4;0.25;2.7;4.9;0.559;0.483;1.7;2.4;0.706;2;4.1;6.1;1;0.7;1.1;0.7;2.9;9.7
6;Nickeil Alexander-Walker;SG;24;UTA;5;0;7.8;1.4;3.2;0.438;0.6;1.8;0.333;0.8;1.4;0.571;0.531;0.6;0.8;0.75;0;0.6;0.6;1.8;0.8;0.4;0.4;1.2;4
7;Grayson Allen;SG;27;MIL;6;6;26.2;2.7;8;0.333;1.7;5.2;0.323;1;2.8;0.353;0.438;2.3;2.7;0.875;0.7;2.8;3.5;2.3;0.7;0;1.5;1;9.3
8;Jarrett Allen;C;24;CLE;6;6;32.5;5;9.2;0.545;0;0.3;0;5;8.8;0.566;0.545;2;2.8;0.706;4.5;7.2;11.7;1.5;0.2;1;1;2.2;12
9;Jose Alvarado;PG;24;NOP;6;2;21.3;3;6.8;0.439;1.3;3.7;0.364;1.7;3.2;0.526;0.537;0.5;0.7;0.75;0.2;1.8;2;2.5;0.8;0.2;1.7;1.5;7.8
10;Kyle Anderson;PF;29;MIN;4;0;12.3;0.3;0.8;0.333;0;0.3;0;0.3;0.5;0.5;0.333;1.3;1.5;0.833;0.8;2;2.8;1.3;0.3;0.3;0.5;0.8;1.8
11;Giannis Antetokounmpo;PF;28;MIL;6;6;34.2;12.7;21.5;0.589;1;3.5;0.286;11.7;18;0.648;0.612;7.5;11.8;0.634;1.8;11;12.8;5.2;0.5;1.7;3.3;3.2;33.8
12;Thanasis Antetokounmpo;SF;30;MIL;1;0;1;0;0;0;0;0;0;0;0;0;0;0;0;0;0;0;0;0;0;0;0;0;0
13;Cole Anthony;PG;22;ORL;4;3;30.5;5.5;13.3;0.415;1.8;5;0.35;3.8;8.3;0.455;0.481;2.8;3.8;0.733;0.8;4;4.8;4.3;0.8;0.8;2;3.5;15.5
14;OG Anunoby;SF;25;TOR;7;7;35.6;4.7;10.7;0.44;1.9;5;0.371;2.9;5.7;0.5;0.527;2.3;2.9;0.8;1;5.4;6.4;1.7;2.6;1;1.9;3.9;13.6
15;Ryan Arcidiacono;PG;28;NYK;1;0;2;0;0;0;0;0;0;0;0;0;0;0;0;0;0;0;0;0;0;0;0;1;0
16;Deni Avdija;SF;22;WAS;7;6;17.1;1.7;4.1;0.414;0.7;1.7;0.417;1;2.4;0.412;0.5;0.7;0.9;0.833;0.1;3.1;3.3;1.3;0.6;0.6;0.6;2.7;4.9
17;Deandre Ayton;C;24;PHO;5;5;26;6.8;12.4;0.548;0.2;0.6;0.333;6.6;11.8;0.559;0.556;1.6;2.2;0.727;2;6.2;8.2;2;0.6;0.4;2.6;3.8;15.4
18;Udoka Azubuike;C;23;UTA;2;0;6;1;1.5;0.667;0;0;0;1;1.5;0.667;0.667;0;0;0;0;2.5;2.5;0;1;0.5;0.5;0.5;2
19;Patrick Baldwin Jr.;SF;20;GSW;1;0;1;0;0;0;0;0;0;0;0;0;0;0;0;0;0;0;0;0;0;0;0;0;0
20;Mo Bamba;C;24;ORL;8;0;13.4;2;4.8;0.421;0.6;2.4;0.263;1.4;2.4;0.579;0.487;0.4;0.6;0.6;0.6;2.8;3.4;0.8;0.1;0.6;0.8;2;5
21;Paolo Banchero;PF;20;ORL;8;8;33.8;7.4;16.8;0.44;1.1;4;0.281;6.3;12.8;0.49;0.474;5.9;7.9;0.746;1;6.6;7.6;3.6;0.6;1;2.8;2.1;21.8
22;Desmond Bane;SG;24;MEM;6;6;33;8.2;18.5;0.441;4.2;9.3;0.446;4;9.2;0.436;0.554;3.7;4.3;0.846;0.5;4.2;4.7;5;0.8;0.5;2.2;2.7;24.2
23;Dalano Banton;PG;23;TOR;7;0;7.7;1.1;2.6;0.444;0.3;1.1;0.25;0.9;1.4;0.6;0.5;0.3;0.3;1;0.3;0.7;1;0.6;0.3;0.3;0.3;0.6;2.9
24;Harrison Barnes;PF;30;SAC;6;6;32.7;3.3;8.3;0.4;0.3;3;0.111;3;5.3;0.563;0.42;4.3;5.5;0.788;0.8;4.7;5.5;2.5;0.5;0.2;1.3;1.7;11.3
25;Scottie Barnes;PF;21;TOR;6;6;29.3;6;11.5;0.522;1.8;3.5;0.524;4.2;8;0.521;0.601;1.7;2.2;0.769;1.2;4.7;5.8;4.3;1.2;0.5;1.8;1.8;15.5
26;RJ Barrett;SG;22;NYK;6;6;35;6.7;16.7;0.4;1.2;5.3;0.219;5.5;11.3;0.485;0.435;3.2;4;0.792;1.3;4.5;5.8;2.2;0;0.3;2;2;17.7
27;Will Barton;SG;32;WAS;7;0;24.6;3.4;8;0.429;1.6;3.4;0.458;1.9;4.6;0.406;0.527;0.9;1;0.857;0.4;2.6;3;2.1;0.7;0.1;1.4;1.6;9.3
28;Keita Bates-Diop;SF;27;SAS;7;1;10;2.6;4.7;0.545;0.3;1;0.286;2.3;3.7;0.615;0.576;1.1;1.1;1;0.6;1;1.6;0.4;0.1;0;1.3;0.6;6.6
29;Nicolas Batum;PF;34;LAC;7;1;17.6;1.6;3.1;0.5;0.7;2;0.357;0.9;1.1;0.75;0.614;0.6;0.9;0.667;0.7;2.7;3.4;1.3;0.6;0.9;0.9;2;4.4
30;Darius Bazley;PF;22;OKC;7;0;18.3;2.9;6.1;0.465;0.6;1.6;0.364;2.3;4.6;0.5;0.512;0.6;1.3;0.444;1.6;3.7;5.3;1.3;0.4;1.4;0.7;1.1;6.9
31;Bradley Beal;SG;29;WAS;7;7;35.7;7.9;15.4;0.509;1.4;4.6;0.313;6.4;10.9;0.592;0.556;3.6;3.9;0.926;0.9;3;3.9;6.1;0.9;0.9;3.3;2.1;20.7
32;Malik Beasley;SG;26;UTA;8;0;25.6;4.4;10.1;0.432;2.3;6;0.375;2.1;4.1;0.515;0.543;0.9;1;0.875;0.5;2;2.5;1.1;1.1;0.3;0.6;0.6;11.9
33;MarJon Beauchamp;SF;22;MIL;3;0;4.3;0.7;1.3;0.5;0.3;0.7;0.5;0.3;0.7;0.5;0.625;0;0;0;0;0.3;0.3;0;0;0.3;0.7;0.3;1.7
34;Patrick Beverley;PG;34;LAL;6;6;27.8;1.3;4.7;0.286;0.7;3.5;0.19;0.7;1.2;0.571;0.357;2;2;1;1;2.8;3.8;2.8;1.3;0.7;1;3.5;5.3
35;Saddiq Bey;SF;23;DET;8;8;31.1;4.9;10.8;0.453;1.8;5.3;0.333;3.1;5.5;0.568;0.535;3.8;4.3;0.882;1.4;3.8;5.1;1.5;0.6;0.3;1.4;1.9;15.3
36;Khem Birch;C;30;TOR;3;0;7.3;0.7;1;0.667;0.3;0.3;1;0.3;0.7;0.5;0.833;0.7;0.7;1;1;0.7;1.7;0;0.7;0.3;0;2;2.3
37;Goga Bitadze;C;23;IND;7;0;14;1.9;3.3;0.565;0.1;0.9;0.167;1.7;2.4;0.706;0.587;1;2;0.5;1.7;2;3.7;1.6;0.6;0.6;0.6;2.3;4.9
38;Bismack Biyombo;C;30;PHO;5;2;16.6;2;2.8;0.714;0;0;0;2;2.8;0.714;0.714;0.8;1.4;0.571;1;3.8;4.8;0.8;0;2.2;0.8;2.4;4.8
39;Buddy Boeheim;PG;23;DET;1;0;1;0;0;0;0;0;0;0;0;0;0;0;0;0;0;0;0;0;0;0;0;0;0
40;Bojan Bogdanovi?;PF;33;DET;8;8;32.1;7.4;13.9;0.532;3.8;7.4;0.508;3.6;6.5;0.558;0.667;4.3;4.5;0.944;0.6;2.9;3.5;2.1;0.5;0;1.1;2;22.8
41;Bol Bol;PF;23;ORL;8;3;21.6;4.5;6.9;0.655;0.4;1.1;0.333;4.1;5.8;0.717;0.682;1.8;2.1;0.824;1.9;5.5;7.4;0.4;0.1;2.6;1.9;1.6;11.1
42;Leandro Bolmaro;SG;22;UTA;2;0;8;0.5;1.5;0.333;0;0.5;0;0.5;1;0.5;0.333;0;0;0;0.5;0;0.5;1;0;0.5;0.5;1.5;1
43;Devin Booker;SG;26;PHO;7;7;36.1;10;19.9;0.504;2.1;6.1;0.349;7.9;13.7;0.573;0.558;5.6;6.6;0.848;0.7;3.1;3.9;5.4;0.9;0.3;2.6;2.3;27.7
44;Brandon Boston Jr.;SG;21;LAC;5;0;3.2;1;2;0.5;0.4;0.6;0.667;0.6;1.4;0.429;0.6;0.2;0.4;0.5;0.2;0.2;0.4;0;0;0;0;0.2;2.6
45;Chris Boucher;PF;30;TOR;4;0;18;4;6.5;0.615;1.5;2.8;0.545;2.5;3.8;0.667;0.731;1;1.8;0.571;1;2;3;0.5;0.8;1.3;0.8;3;10.5
46;James Bouknight;SG;22;CHO;7;0;17.1;2;6.9;0.292;1.3;4.3;0.3;0.7;2.6;0.278;0.385;0.4;0.9;0.5;0;1.9;1.9;1.1;0.3;0;1;1.7;5.7
47;Tony Bradley;C;25;CHI;2;0;3;0;0.5;0;0;0.5;0;0;0;0;0;0;0;0;0.5;1;1.5;0;0;0;0;0;0
48;Malaki Branham;SF;19;SAS;1;0;19;1;7;0.143;1;4;0.25;0;3;0;0.214;2;2;1;1;1;2;2;0;0;0;1;5
49;Christian Braun;SG;21;DEN;7;0;17.7;1.9;4;0.464;0.6;1.7;0.333;1.3;2.3;0.563;0.536;0.3;0.6;0.5;1;1.9;2.9;1.1;0.6;0.3;0.6;1;4.6
50;Mikal Bridges;SF;26;PHO;7;7;35.7;6.1;9.6;0.642;1;2.1;0.467;5.1;7.4;0.692;0.694;2.6;3;0.857;1.7;3.7;5.4;3.1;0.6;1.3;1.4;2.7;15.9
51;Oshae Brissett;SF;24;IND;4;0;6.8;0.3;1.8;0.143;0.3;1.3;0.2;0;0.5;0;0.214;0;0;0;0.3;0.5;0.8;0;0;0;0.5;0.5;0.8
52;Malcolm Brogdon;PG;30;BOS;6;0;22.8;4.5;10;0.45;1.3;3.5;0.381;3.2;6.5;0.487;0.517;3;3.2;0.947;1;2.2;3.2;3.7;0.7;0;1.5;1.7;13.3
53;Dillon Brooks;SG;27;MEM;4;4;27.3;6;15.3;0.393;2.5;6.3;0.4;3.5;9;0.389;0.475;1.5;2.5;0.6;0.3;1.8;2;2;0.8;0;1.8;2.8;16
54;Bruce Brown;PG;26;DEN;7;3;27.7;4.3;8.6;0.5;1.6;3.4;0.458;2.7;5.1;0.528;0.592;0.4;0.9;0.5;1.1;1.9;3;3.4;0.6;0.3;1.4;1.6;10.6
55;Greg Brown III;PF;21;POR;3;0;4.3;1.3;1.7;0.8;0;0;0;1.3;1.7;0.8;0.8;0;1;0;0;0;0;0;0.3;0.3;0.3;0;2.7
56;Jaylen Brown;SF;26;BOS;6;6;36.3;9.3;20.2;0.463;2.5;7.3;0.341;6.8;12.8;0.532;0.525;4.2;5.2;0.806;0.8;5.8;6.7;2.8;1.2;1;3;2.5;25.3
57;Moses Brown;C;23;LAC;4;0;3;0.5;0.8;0.667;0;0;0;0.5;0.8;0.667;0.667;0.3;0.5;0.5;0;0.5;0.5;0;0;0.5;0;0.3;1.3
58;Troy Brown Jr.;SF;23;LAL;4;2;27;3.3;8.3;0.394;1;3.5;0.286;2.3;4.8;0.474;0.455;0;0;0;1;4.8;5.8;1.3;0.8;0;1.3;2.5;7.5
59;Jalen Brunson;PG;26;NYK;6;6;34.2;7;14.8;0.472;1.3;4;0.333;5.7;10.8;0.523;0.517;2.8;3.8;0.739;0.3;3.8;4.2;7.2;1.3;0.2;1.7;2.8;18.2
60;Reggie Bullock;SF;31;DAL;6;6;32.8;2.3;6;0.389;2;4.8;0.414;0.3;1.2;0.286;0.556;0.5;0.7;0.75;0.5;2.5;3;0.8;1;0.2;0.7;3.2;7.2
61;Jimmy Butler;SF;33;MIA;8;8;35.5;6.8;14.4;0.47;1.1;2.9;0.391;5.6;11.5;0.489;0.509;6.9;7.9;0.873;2.1;4.3;6.4;5.5;1.5;0.3;1.6;1.1;21.5
62;Kentavious Caldwell-Pope;SG;29;DEN;6;6;31.5;3.8;8.5;0.451;2.7;5;0.533;1.2;3.5;0.333;0.608;1;1;1;0.5;3.5;4;3.3;1.2;0.5;1.2;2.3;11.3
63;Facundo Campazzo;PG;31;DAL;2;0;8;0.5;2;0.25;0.5;1.5;0.333;0;0.5;0;0.375;0;0;0;0;0;0;1.5;1.5;0;0;0.5;1.5
64;Vlatko ?an?ar;PF;25;DEN;3;0;2;0;0.3;0;0;0;0;0;0.3;0;0;0;0;0;0;0;0;0;0;0;0.3;0;0
65;Clint Capela;C;28;ATL;7;7;26.4;3.9;6.6;0.587;0;0;0;3.9;6.6;0.587;0.587;0.7;1.6;0.455;3.1;5.6;8.7;0.7;0.9;1.7;1;1.7;8.4
66;Vernon Carey Jr.;C;21;WAS;1;0;1;0;0;0;0;0;0;0;0;0;0;0;0;0;0;0;0;0;0;0;0;0;0
67;Jevon Carter;PG;27;MIL;6;6;24.3;1.5;5;0.3;0.8;3.5;0.238;0.7;1.5;0.444;0.383;0;0;0;1;1.7;2.7;1.5;1.5;0.3;1.2;3;3.8
68;Wendell Carter Jr.;C;23;ORL;8;8;32.6;5.6;11.4;0.495;0.9;3.3;0.269;4.8;8.1;0.585;0.533;4;4.9;0.821;2.6;6.9;9.5;2.8;0.8;0.4;2.1;3.4;16.1
69;Alex Caruso;PG;28;CHI;8;4;25.1;1.5;4.4;0.343;0.9;2.5;0.35;0.6;1.9;0.333;0.443;1.4;1.8;0.786;0.6;2.5;3.1;3.5;1.6;0.9;1.8;1.8;5.3
70;Justin Champagnie;SF;21;TOR;2;0;4.5;1.5;1.5;1;0;0;0;1.5;1.5;1;1;0;0;0;0.5;1;1.5;0;0;0;0;0.5;3
71;Kennedy Chandler;PG;20;MEM;4;0;8.8;0.8;2.3;0.333;0;0.5;0;0.8;1.8;0.429;0.333;0.3;1;0.25;0;0.3;0.3;1.5;0;0.5;1;0.5;1.8
72;Max Christie;SG;19;LAL;2;0;2.5;0.5;0.5;1;0.5;0.5;1;0;0;0;1.5;1;1;1;0;1;1;0.5;0;0;0;0;2.5
73;Josh Christopher;SG;21;HOU;7;0;7.7;1.3;3.1;0.409;0.1;1.3;0.111;1.1;1.9;0.615;0.432;0.1;0.3;0.5;0.3;1.3;1.6;0.6;0;0;0.6;0.6;2.9
74;Brandon Clarke;PF;26;MEM;7;0;17.1;3.9;5.9;0.659;0;0.4;0;3.9;5.4;0.711;0.659;1.6;2.4;0.647;1;2.7;3.7;1.4;0.4;0.6;1.1;2.4;9.3
75;Jordan Clarkson;SG;30;UTA;8;8;30.9;5.8;14.3;0.404;2.9;8;0.359;2.9;6.3;0.46;0.504;2.1;3;0.708;1.5;3;4.5;5.3;0.4;0.8;2.4;1.9;16.5
76;Nic Claxton;C;23;BRK;8;8;29;5.3;7.5;0.7;0;0.1;0;5.3;7.4;0.712;0.7;1.4;3.4;0.407;3;5.8;8.8;1;0.4;2.1;1.6;2.6;11.9
77;Amir Coffey;SG;25;LAC;6;0;11;0.7;2.2;0.308;0;0.3;0;0.7;1.8;0.364;0.308;1.7;2;0.833;0.3;0.8;1.2;0.8;0.2;0.2;0.3;0.8;3
78;John Collins;PF;25;ATL;7;7;32.9;5.6;10.3;0.542;0.9;3.3;0.261;4.7;7;0.673;0.583;1.7;2;0.857;1.6;8.3;9.9;0.9;1;1.7;1.9;3.6;13.7
79;Zach Collins;PF;25;SAS;7;0;16.3;3.4;6;0.571;0.9;1.9;0.462;2.6;4.1;0.621;0.643;0.6;1;0.571;1.4;2.4;3.9;2.9;0.6;1.3;1.9;3.1;8.3
80;Mike Conley;PG;35;UTA;7;7;30.4;3.7;9.7;0.382;2.6;6;0.429;1.1;3.7;0.308;0.515;1.6;2.3;0.688;0.3;2;2.3;7;1.3;0.6;1.4;2.1;11.6
81;Robert Covington;PF;32;LAC;5;0;17.4;1.6;3.8;0.421;0.8;2.6;0.308;0.8;1.2;0.667;0.526;1.2;1.2;1;0.2;4.4;4.6;1.4;0.6;1;0.6;2.4;5.2
82;Torrey Craig;SF;32;PHO;7;0;14.6;2.1;3.4;0.625;1;2.1;0.467;1.1;1.3;0.889;0.771;0.1;0.3;0.5;1.6;2;3.6;1;0.3;0.1;0.4;1.3;5.4
83;Cade Cunningham;PG;21;DET;8;8;34.8;9;20.1;0.447;1.5;5;0.3;7.5;15.1;0.496;0.484;3.6;4.3;0.853;1.1;5;6.1;6.8;1;0.5;3.6;3;23.1
84;Seth Curry;SG;32;BRK;1;0;18;0;5;0;0;5;0;0;0;0;0;0;0;0;0;2;2;6;1;1;0;3;0
85;Stephen Curry;PG;34;GSW;8;8;34.4;9.8;20.6;0.473;4.8;12;0.396;5;8.6;0.58;0.588;5.8;6.1;0.939;0.9;6.6;7.5;6.5;1.4;0.1;2.6;2;30
86;Dyson Daniels;PG;19;NOP;2;0;12.5;2;3;0.667;0.5;0.5;1;1.5;2.5;0.6;0.75;1;1;1;0.5;1;1.5;2;1.5;0.5;0.5;2;5.5
87;Anthony Davis;C;29;LAL;5;5;35.4;9.8;18.4;0.533;0.4;2.2;0.182;9.4;16.2;0.58;0.543;3.8;5;0.76;2.8;7.8;10.6;2;2.4;2;1.6;2.6;23.8
88;Johnny Davis;SG;20;WAS;4;0;5.8;0.5;1.8;0.286;0;0.3;0;0.5;1.5;0.333;0.286;0;0;0;0;0.5;0.5;0.5;0;0;0;1.5;1
89;Terence Davis;SG;25;SAC;6;0;12.3;2;4.5;0.444;0.8;2.7;0.313;1.2;1.8;0.636;0.537;1;1.3;0.75;0.5;1.5;2;0.8;0.7;0.2;0.5;2;5.8
90;Dewayne Dedmon;C;33;MIA;6;0;10.2;1.7;2.7;0.625;0.3;0.8;0.4;1.3;1.8;0.727;0.688;0.7;0.7;1;0.3;1.8;2.2;0.3;0;0;0.7;2;4.3
91;Matthew Dellavedova;PG;32;SAC;2;0;4.5;0.5;1;0.5;0.5;1;0.5;0;0;0;0.75;0;0;0;0;0;0;1.5;0;0;0;0.5;1.5
92;DeMar DeRozan;SF;33;CHI;8;8;34.1;8.8;17.3;0.507;0.5;1.4;0.364;8.3;15.9;0.52;0.522;7.1;8;0.891;0.3;3.3;3.5;4.1;1.3;0.1;1.9;2.1;25.1
93;Moussa Diabaté;PF;21;LAC;2;0;3;0.5;0.5;1;0;0;0;0.5;0.5;1;1;0.5;0.5;1;0;1;1;0.5;0.5;0;0;0;1.5
94;Mamadi Diakite;PF;26;CLE;1;0;0;0;0;0;0;0;0;0;0;0;0;0;0;0;0;0;0;0;0;0;0;0;0
95;Hamidou Diallo;SG;24;DET;8;0;14.4;1.9;4.9;0.385;0;0.4;0;1.9;4.5;0.417;0.385;1.5;2.5;0.6;1.1;2.1;3.3;1;0.6;0;0.5;1.9;5.3
96;Gorgui Dieng;C;33;SAS;4;0;7;0.8;2;0.375;0.3;1.5;0.167;0.5;0.5;1;0.438;0;0;0;1;1.3;2.3;2;0;0.5;0;1.3;1.8
97;Ousmane Dieng;SF;19;OKC;6;0;13.3;1.2;3.7;0.318;0.5;2.2;0.231;0.7;1.5;0.444;0.386;0;0;0;0.2;1.8;2;1.2;0.2;0.3;0.3;0.7;2.8
98;Spencer Dinwiddie;PG;29;DAL;6;6;31.3;6.2;12.2;0.507;2.5;5.5;0.455;3.7;6.7;0.55;0.61;1.3;2;0.667;0;2.7;2.7;3.7;0.8;0;1.7;2.8;16.2
99;Donte DiVincenzo;SG;26;GSW;3;0;14;1.7;3.7;0.455;0.7;2;0.333;1;1.7;0.6;0.545;1;1.3;0.75;0;0.7;0.7;1;0.3;0;2;1.3;5
100;Luka Don?i?;PG;23;DAL;6;6;36.7;12.8;25.5;0.503;2;8.8;0.226;10.8;16.7;0.65;0.542;9;11.5;0.783;1.3;8.2;9.5;8.7;1.7;0.5;3;3.2;36.7
101;Tyler Dorsey;SG;26;DAL;1;0;4;4;4;1;1;1;1;3;3;1;1.125;0;0;0;1;1;2;0;0;0;0;0;9
102;Luguentz Dort;SG;23;OKC;7;7;32;4.7;13.4;0.351;1.3;6.1;0.209;3.4;7.3;0.471;0.399;3.3;4.3;0.767;1.3;2.6;3.9;2.3;1.6;0.1;1;3.4;14
103;Ayo Dosunmu;PG;23;CHI;7;7;30.4;5.3;10;0.529;1.7;4;0.429;3.6;6;0.595;0.614;0.9;0.9;1;0.6;3.9;4.4;3.3;1.3;0.3;1.3;2.3;13.1
104;Jeff Dowtin;PG;25;TOR;1;0;5;2;2;1;0;0;0;2;2;1;1;0;0;0;0;1;1;1;0;0;0;0;4
105;Goran Dragi?;PG;36;CHI;8;0;17.6;3;7.3;0.414;1.6;3;0.542;1.4;4.3;0.324;0.526;1;1.5;0.667;0.3;1.3;1.5;3.6;0.3;0.1;0.9;1.5;8.6
106;Andre Drummond;C;29;CHI;6;0;16.8;3.8;7.2;0.535;0;0.3;0;3.8;6.8;0.561;0.535;1.3;2;0.667;3.7;6.5;10.2;0.8;1;0.5;1.8;2.8;9
107;Chris Duarte;SF;25;IND;8;4;21.5;3.5;8.6;0.406;1.6;4.6;0.351;1.9;4;0.469;0.5;1.4;1.5;0.917;0.5;1.9;2.4;0.9;0.1;0.5;1;1.9;10
108;David Duke Jr.;SG;23;BRK;2;0;19.5;2.5;5;0.5;0;1;0;2.5;4;0.625;0.5;1;1;1;1;1.5;2.5;1.5;1;0;1.5;4;6
109;Kevin Durant;PF;34;BRK;8;8;37.8;10.6;20.1;0.528;1.8;5.1;0.341;8.9;15;0.592;0.571;9.5;10.1;0.938;0.5;5.1;5.6;4.4;1;2;3.9;2.5;32.5
110;Jalen Duren;C;19;DET;7;0;20.7;3.3;5.9;0.561;0;0.1;0;3.3;5.7;0.575;0.561;0.9;2.3;0.375;3.1;3.6;6.7;0.1;0.1;1.3;1.3;2;7.4
111;Tari Eason;PF;21;HOU;8;0;16.8;2.9;6.9;0.418;0.8;1.8;0.429;2.1;5.1;0.415;0.473;0.8;0.9;0.857;2;2.6;4.6;0.5;1;0.5;0.5;2.3;7.3
112;Anthony Edwards;SG;21;MIN;8;8;36.9;8.8;19.5;0.449;3;8.1;0.369;5.8;11.4;0.505;0.526;2.6;4.1;0.636;0.5;5.6;6.1;4;1.1;0.4;3.1;3.3;23.1
113;Kessler Edwards;SF;22;BRK;3;0;2;0.3;1;0.333;0.3;0.7;0.5;0;0.3;0;0.5;0;0;0;0;0.7;0.7;0.7;0.3;0;0;0;1
114;Joel Embiid;C;28;PHI;6;6;34.5;9.7;18.2;0.532;1;3.3;0.3;8.7;14.8;0.584;0.56;6.8;8.7;0.788;1.3;8.2;9.5;3.3;0.5;1.2;3.7;3.2;27.2
115;Drew Eubanks;C;25;POR;6;0;13.5;1.3;2;0.667;0;0;0;1.3;2;0.667;0.667;1.5;1.8;0.818;1;1.3;2.3;0.5;0.3;0.7;0.3;1.7;4.2
116;Bruno Fernando;C;24;HOU;2;2;18.5;2.5;3;0.833;0;0;0;2.5;3;0.833;0.833;0.5;1;0.5;2.5;4;6.5;4.5;0.5;1;0.5;1.5;5.5
117;Dorian Finney-Smith;PF;29;DAL;6;6;34;3.2;7.3;0.432;1.5;4.7;0.321;1.7;2.7;0.625;0.534;0.2;0.5;0.333;1.8;2.8;4.7;0.8;0.8;0.7;0.7;3.2;8
118;Malachi Flynn;PG;24;TOR;4;0;7.3;1.3;3;0.417;0.8;1.8;0.429;0.5;1.3;0.4;0.542;0;0;0;0.3;0;0.3;0.3;0.3;0;0;1.5;3.3
119;Simone Fontecchio;SF;27;UTA;4;0;5.8;1.3;2.8;0.455;0.8;1.8;0.429;0.5;1;0.5;0.591;0;0;0;0.5;0.5;1;0;0;0;0.5;1;3.3
120;Bryn Forbes;SG;29;MIN;6;0;10;0.7;3;0.222;0.2;1.3;0.125;0.5;1.7;0.3;0.25;0.7;0.7;1;0.5;0.3;0.8;0.7;0.5;0;0.3;0.7;2.2
121;Trent Forrest;PG;24;ATL;3;0;3.3;0;0.7;0;0;0;0;0;0.7;0;0;0;0;0;0;0.7;0.7;0.7;0;0;0;0;0
122;Evan Fournier;SG;30;NYK;6;6;25.3;4.2;9.8;0.424;2.5;6.2;0.405;1.7;3.7;0.455;0.551;1;1.2;0.857;0.2;2.7;2.8;1.7;0.8;0.2;0.8;2.8;11.8
123;De'Aaron Fox;PG;25;SAC;6;6;30.8;9.5;17.3;0.548;2;5.2;0.387;7.5;12.2;0.616;0.606;3.5;4.2;0.84;0.8;5.2;6;4.8;0.8;0.7;3.8;3.3;24.5
124;Wenyen Gabriel;PF;25;LAL;4;0;10.3;1.3;2.8;0.455;0;0.5;0;1.3;2.3;0.556;0.455;0.5;1;0.5;0.5;1.8;2.3;0.5;0.8;0.5;0.3;1.3;3
125;Daniel Gafford;C;24;WAS;7;0;14.9;2.1;3.4;0.625;0;0;0;2.1;3.4;0.625;0.625;0.9;1.3;0.667;1.3;2;3.3;0.3;0.4;0.9;1.7;1.9;5.1
126;Darius Garland;PG;23;CLE;1;1;13;2;8;0.25;0;1;0;2;7;0.286;0.25;0;0;0;0;1;1;3;2;1;5;1;4
127;Usman Garuba;PF;20;HOU;6;1;12;1.2;1.8;0.636;0.3;0.3;1;0.8;1.5;0.556;0.727;0.2;0.7;0.25;2.3;3;5.3;0.8;0.8;0.2;1.2;1.3;2.8
128;Rudy Gay;SF;36;UTA;5;0;16.8;2.2;5.6;0.393;1;2.8;0.357;1.2;2.8;0.429;0.482;0.4;0.8;0.5;0.8;2.4;3.2;1.2;0.6;0.8;0.8;1.6;5.8
129;Paul George;SF;32;LAC;6;6;34.2;8;18.5;0.432;2.3;7.5;0.311;5.7;11;0.515;0.495;3.3;3.7;0.909;0.7;6.3;7;4.7;2.2;0.5;3.5;2.7;21.7
130;Taj Gibson;PF;37;WAS;3;0;3.7;1;1.7;0.6;0.3;1;0.333;0.7;0.7;1;0.7;0.7;0.7;1;0;0.3;0.3;0;0;0;0;0.3;3
131;Josh Giddey;SG;20;OKC;4;4;28.3;5.5;13.5;0.407;1;4;0.25;4.5;9.5;0.474;0.444;0.5;0.8;0.667;1.3;5.3;6.5;6.3;0.5;1;2.8;2.5;12.5
132;Shai Gilgeous-Alexander;SG;24;OKC;6;6;36;11.8;22.8;0.518;1.2;3.7;0.318;10.7;19.2;0.557;0.544;6.7;6.8;0.976;1;3.8;4.8;6.8;2.5;1.3;3.3;2.2;31.5
133;Anthony Gill;PF;30;WAS;7;1;13;1.9;3.6;0.52;0.3;1.3;0.222;1.6;2.3;0.688;0.56;0.6;0.6;1;0.9;1.3;2.1;0.9;0.1;0.1;0.3;1.3;4.6
134;Rudy Gobert;C;30;MIN;8;8;32.5;5;8.4;0.597;0;0.1;0;5;8.3;0.606;0.597;3.3;5.1;0.634;4.8;9.3;14;1.3;0.5;1.6;1.5;2.4;13.3
135;Jordan Goodwin;PG;24;WAS;2;0;10.5;2;2.5;0.8;0;0.5;0;2;2;1;0.8;0;0;0;0.5;2;2.5;1;0.5;0.5;1;0.5;4
136;Aaron Gordon;PF;27;DEN;7;7;28.3;5.7;11;0.519;0.7;3.3;0.217;5;7.7;0.648;0.552;1.6;2.9;0.55;2.3;4.1;6.4;1.9;0.1;1.3;1.4;1.4;13.7
137;Eric Gordon;SG;34;HOU;6;6;31.5;5.2;10.8;0.477;2;5.2;0.387;3.2;5.7;0.559;0.569;2.2;2.7;0.813;0.2;2.2;2.3;3.3;1;0.5;2.5;1;14.5
138;Devonte' Graham;PG;27;NOP;6;0;20;2;5.3;0.375;2;4.3;0.462;0;1;0;0.563;0.8;1.3;0.625;0.2;1.5;1.7;2.7;0.7;0.2;0.3;1;6.8
139;Jerami Grant;PF;28;POR;6;6;34.8;4.8;10.5;0.46;1.7;4.2;0.4;3.2;6.3;0.5;0.54;4.3;6.2;0.703;0.5;3.5;4;2.2;0.7;0.7;1.7;1.8;15.7
140;A.J. Green;SG;23;MIL;1;0;2;0;0;0;0;0;0;0;0;0;0;0;0;0;0;0;0;1;0;0;0;0;0
141;Draymond Green;PF;32;GSW;8;8;29;3.9;6.5;0.596;0.4;1.3;0.3;3.5;5.3;0.667;0.625;0.9;1.4;0.636;0.9;5.1;6;5.4;1.1;0.8;2.8;3.5;9
142;Jalen Green;SG;20;HOU;8;8;33.8;6.8;18.8;0.36;2.5;7.3;0.345;4.3;11.5;0.37;0.427;3;3.9;0.774;0.8;3.6;4.4;2.1;0.9;0.4;1.9;1.6;19
143;JaMychal Green;PF;32;GSW;8;0;18.1;1.9;4.6;0.405;0.4;1.9;0.2;1.5;2.8;0.545;0.446;0.5;0.6;0.8;2.3;2.8;5;0.8;1.3;0.5;1;1.8;4.6
144;Javonte Green;SG;29;CHI;8;0;17.3;1.9;4;0.469;0.3;1.3;0.2;1.6;2.8;0.591;0.5;1.1;1.4;0.818;1.3;1.9;3.1;0.9;1.4;0.6;0.4;2.4;5.1
145;Jeff Green;PF;36;DEN;7;0;19.6;3;6.1;0.488;0.6;1.6;0.364;2.4;4.6;0.531;0.535;2.3;3;0.762;1;2.1;3.1;1.4;0.6;0;0.3;2.1;8.9
146;Josh Green;SG;22;DAL;6;0;15.5;1.5;2.3;0.643;0.8;1.5;0.556;0.7;0.8;0.8;0.821;1.2;1.7;0.7;1;1.8;2.8;0.8;1.2;0.2;1;1.8;5
147;AJ Griffin;SF;19;ATL;4;0;8;2;3.8;0.533;1;2;0.5;1;1.8;0.571;0.667;0;0;0;0.5;0.5;1;0.3;0.5;0;0;0.8;5
148;Blake Griffin;PF;33;BOS;4;0;8.8;0.5;2;0.25;0.3;0.8;0.333;0.3;1.3;0.2;0.313;1.3;1.5;0.833;1.3;1.5;2.8;0.8;0.5;0;0.5;2;2.5
149;Rui Hachimura;PF;24;WAS;7;0;22.9;4.3;9.1;0.469;0.6;2;0.286;3.7;7.1;0.52;0.5;2;2.6;0.778;1.1;4;5.1;0.9;0.3;0.6;1.6;0.9;11.1
150;Tyrese Haliburton;PG;22;IND;8;8;33.4;7.4;15.1;0.488;2.8;6.1;0.449;4.6;9;0.514;0.579;4.4;4.6;0.946;1.3;3.4;4.6;9.4;1.6;0.1;3.6;1.3;21.9
151;R.J. Hampton;PG;21;ORL;7;0;15.9;2;4.1;0.483;0.9;1.6;0.545;1.1;2.6;0.444;0.586;1.1;1.3;0.889;0.6;1.4;2;1.4;0.9;0.1;0.6;1.3;6
152;Tim Hardaway Jr.;SG;30;DAL;5;0;26;3.8;11;0.345;2.2;6.2;0.355;1.6;4.8;0.333;0.445;4.6;4.8;0.958;0;1.8;1.8;1.6;0.6;0.4;1;1.6;14.4
153;James Harden;SG;33;PHI;8;8;37;6.9;15.6;0.44;2.1;6.5;0.327;4.8;9.1;0.521;0.508;5.9;6.3;0.94;0.6;6.6;7.3;10;1.1;0.8;2.9;2;21.8
154;Jaden Hardy;SG;20;DAL;2;0;5;0;2.5;0;0;1;0;0;1.5;0;0;0;0;0;0;1;1;0.5;0;0;1;1;0
155;Ron Harper Jr.;SF;22;TOR;1;0;3;0;1;0;0;1;0;0;0;0;0;0;0;0;0;0;0;0;0;0;0;0;0
156;Montrezl Harrell;C;29;PHI;8;0;10;1.1;2.4;0.474;0;0;0;1.1;2.4;0.474;0.474;1;1.5;0.667;0.6;1;1.6;0.5;0.3;0.6;0.4;1.1;3.3
157;Joe Harris;SG;31;BRK;6;2;22.5;2.5;6.3;0.395;1.5;4.3;0.346;1;2;0.5;0.513;0.2;0.5;0.333;0.7;2;2.7;1.8;0.5;0.5;0.5;2.2;6.7
158;Kevon Harris;SG;25;ORL;6;0;11.7;0.8;2.5;0.333;0.3;1;0.333;0.5;1.5;0.333;0.4;0.8;1.2;0.714;0.2;1.7;1.8;0.7;0.3;0;1;1.5;2.8
159;Tobias Harris;PF;30;PHI;8;8;32.5;5;10.5;0.476;2.3;5.5;0.409;2.8;5;0.55;0.583;0.9;1.5;0.583;1.1;4.8;5.9;2.4;1.6;0.8;0.6;2.4;13.1
160;Josh Hart;SG;27;POR;6;6;35.8;3.8;7.3;0.523;0.5;1.3;0.375;3.3;6;0.556;0.557;2.3;2.7;0.875;2.2;7;9.2;4;1.3;0.2;1.7;2;10.5
161;Isaiah Hartenstein;C;24;NYK;6;0;25;4;7.2;0.558;0.2;1.3;0.125;3.8;5.8;0.657;0.57;1;1.3;0.75;4;4;8;1.2;1;1;1.2;3;9.2
162;Udonis Haslem;PF;42;MIA;2;0;5;0.5;1.5;0.333;0;0;0;0.5;1.5;0.333;0.333;0.5;1;0.5;0;1;1;0;0;0.5;0;0.5;1.5
163;Sam Hauser;PF;25;BOS;6;0;11.5;1.8;3.2;0.579;1.7;3;0.556;0.2;0.2;1;0.842;0.2;0.3;0.5;0.2;1.5;1.7;0.5;0.3;0.2;0.2;0.8;5.5
164;Jaxson Hayes;C;22;NOP;4;0;8.3;0.3;0.8;0.333;0;0.5;0;0.3;0.3;1;0.333;0;0.5;0;0;1;1;0.8;0.3;0.3;0.3;1;0.5
165;Killian Hayes;PG;21;DET;8;0;17.1;1;5.9;0.17;0.3;1.9;0.133;0.8;4;0.188;0.191;0.3;0.4;0.667;0.4;2.1;2.5;3.5;0.6;0.4;1.3;2.5;2.5
166;Gordon Hayward;SF;32;CHO;7;7;33.1;6.7;13.6;0.495;1.3;3.6;0.36;5.4;10;0.543;0.542;4.1;5.1;0.806;0.4;4;4.4;4.4;0.7;0.3;2.9;0.9;18.9
167;Juancho Hernangómez;PF;27;TOR;3;0;5.3;0;0.7;0;0;0.7;0;0;0;0;0;0;0;0;0;0.3;0.3;0.3;0.3;0.3;0.3;0.7;0
168;Willy Hernangómez;C;28;NOP;2;0;7;0.5;2.5;0.2;0;0.5;0;0.5;2;0.25;0.2;1;1;1;2;2.5;4.5;0.5;0;0;0.5;1;2
169;Tyler Herro;SG;23;MIA;8;8;29.8;6.5;14.1;0.46;2.3;6;0.375;4.3;8.1;0.523;0.54;2.4;2.8;0.864;0.5;5.4;5.9;2.6;0.5;0.4;1.8;1.9;17.6
170;Buddy Hield;SG;30;IND;8;8;29.9;6.4;13.8;0.464;4;9.4;0.427;2.4;4.4;0.543;0.609;1;1.1;0.889;1.3;4.1;5.4;4.1;0.6;0.3;1.8;2.1;17.8
171;Haywood Highsmith;SF;26;MIA;4;0;5.3;0.3;1.3;0.2;0;0.8;0;0.3;0.5;0.5;0.2;0;0;0;0;1;1;0;0.8;0;0.5;0.3;0.5
172;George Hill;PG;36;MIL;6;0;22.5;1.8;3.8;0.478;0.7;2.3;0.286;1.2;1.5;0.778;0.565;1.7;2.2;0.769;0.5;1.3;1.8;2.7;0.2;0;0.5;2;6
173;Malcolm Hill;SF;27;CHI;2;0;0.5;0;0;0;0;0;0;0;0;0;0;0;0;0;0;0.5;0.5;0;0;0;0;0;0
174;Aaron Holiday;PG;26;ATL;7;0;17.9;2;4.1;0.483;0.7;1.1;0.625;1.3;3;0.429;0.569;0.7;0.7;1;0.4;0.6;1;1.4;0.9;0.3;0.9;1.3;5.4
175;Jrue Holiday;PG;32;MIL;6;6;35;6.8;17.3;0.394;2.3;6.7;0.35;4.5;10.7;0.422;0.462;3.2;3.8;0.826;0.8;4.2;5;8.3;1.8;1;2.7;2.3;19.2
176;Justin Holiday;SG;33;ATL;7;0;20.1;2.4;6.3;0.386;1.3;4.1;0.31;1.1;2.1;0.533;0.489;0;0;0;0;0.7;0.7;1.7;0.3;0.4;0.1;2.4;6.1
177;Richaun Holmes;PF;29;SAC;6;0;14.3;1.8;2.7;0.688;0;0;0;1.8;2.7;0.688;0.688;0.7;1;0.667;0.8;1.8;2.7;0;0.3;0.2;0.8;2.2;4.3
178;Al Horford;C;36;BOS;5;5;29.4;3;6.6;0.455;2;5;0.4;1;1.6;0.625;0.606;0;0;0;1.2;3.8;5;1.8;0;0.6;1;2.4;8
179;Talen Horton-Tucker;SG;22;UTA;8;0;16.8;3;7.6;0.393;0.6;3.4;0.185;2.4;4.3;0.559;0.434;1;1.4;0.727;0.8;2.6;3.4;1.8;1;0.4;1.1;2;7.6
180;Danuel House Jr.;SF;29;PHI;8;0;15.5;0.9;2.1;0.412;0.4;1.4;0.273;0.5;0.8;0.667;0.5;0.5;0.8;0.667;0.4;1.1;1.5;0.9;0.3;0.1;0.8;1;2.6
181;Caleb Houstan;SF;20;ORL;5;0;19.4;1;3.8;0.263;0.6;2.6;0.231;0.4;1.2;0.333;0.342;0.4;0.4;1;0;2;2;0.6;0.2;0.2;0.6;2.2;3
182;Trevor Hudgins;PG;23;HOU;1;0;4;1;1;1;1;1;1;0;0;0;1.5;0;0;0;0;0;0;0;0;0;0;0;3
183;Kevin Huerter;SG;24;SAC;6;6;30.8;5.8;11.7;0.5;4.2;7.8;0.532;1.7;3.8;0.435;0.679;2.5;3.2;0.789;0;3;3;4.2;0.5;0.2;1;2.2;18.3
184;De'Andre Hunter;SF;25;ATL;7;7;27.7;5.6;11.1;0.5;1.7;3.9;0.444;3.9;7.3;0.529;0.577;1.1;1.7;0.667;0.4;3.1;3.6;1.3;0.3;0;1.1;3.9;14
185;Bones Hyland;PG;22;DEN;6;0;18.2;3.7;10.5;0.349;2.3;5.3;0.438;1.3;5.2;0.258;0.46;2.3;3.2;0.737;0;1;1;3.7;0.2;0.3;1.7;2;12
186;Serge Ibaka;PF;33;MIL;5;0;8.8;1;2.2;0.455;0.4;0.8;0.5;0.6;1.4;0.429;0.545;0.2;0.4;0.5;0.6;1.4;2;0;0;0.4;0.8;1.6;2.6
187;Brandon Ingram;SF;25;NOP;3;3;26.3;7.3;12.7;0.579;1.3;2.3;0.571;6;10.3;0.581;0.632;6;7.3;0.818;0;5.7;5.7;4;1.3;0.3;3.3;1;22
188;Kyrie Irving;PG;30;BRK;8;8;38.6;9.8;21.5;0.453;2.6;9.4;0.28;7.1;12.1;0.588;0.515;4.8;5.1;0.927;0.8;4.4;5.1;5.1;1.5;1.1;2.4;3;26.9
189;Jaden Ivey;SG;20;DET;7;7;31.3;5.9;12.7;0.461;1.4;4.1;0.345;4.4;8.6;0.517;0.517;2.6;3.7;0.692;1.1;3.1;4.3;3.7;1.3;0.1;2.3;3.4;15.7
190;Isaiah Jackson;PF;21;IND;8;3;18.5;3.3;5.8;0.565;0;0.1;0;3.3;5.6;0.578;0.565;1.8;2.8;0.636;1.6;3.5;5.1;1.4;0.6;1.4;0.8;2.8;8.3
191;Justin Jackson;SF;27;BOS;2;0;4.5;1;2;0.5;1;1.5;0.667;0;0.5;0;0.75;0;0;0;0;0;0;0;0;0;0;0.5;3
192;Reggie Jackson;PG;32;LAC;7;7;28.4;3.6;10.3;0.347;1.1;4.4;0.258;2.4;5.9;0.415;0.403;0.9;1;0.857;0.4;2;2.4;4.3;0.7;0;1.9;1;9.1
193;LeBron James;PF;38;LAL;6;6;36.2;9.8;22;0.447;2;7.7;0.261;7.8;14.3;0.547;0.492;4.2;5.3;0.781;2.2;6.7;8.8;7.3;1.5;0.7;4.2;2;25.8
194;Ty Jerome;SG;25;GSW;5;0;12.6;1.6;2.8;0.571;0.8;1.6;0.5;0.8;1.2;0.667;0.714;1.2;1.2;1;0;0.4;0.4;1.2;0.2;0.2;0.2;1.2;5.2
195;Isaiah Joe;SG;23;OKC;6;0;3;0.8;1.3;0.625;0.5;1;0.5;0.3;0.3;1;0.813;0.7;0.7;1;0;0.5;0.5;0.7;0.2;0;0;0.3;2.8
196;Cameron Johnson;PF;26;PHO;7;7;28.1;5.3;11.6;0.457;3.1;7.1;0.44;2.1;4.4;0.484;0.593;1.1;1.6;0.727;0.7;3.1;3.9;1.9;1.3;0.4;0.3;1.9;14.9
197;Jalen Johnson;SF;21;ATL;7;0;13.7;1.7;3.7;0.462;0.3;1.4;0.2;1.4;2.3;0.625;0.5;1;1.4;0.7;0.4;2.1;2.6;0.7;0.1;0.1;0.3;1.9;4.7
198;James Johnson;PF;35;IND;3;0;14.7;1.7;4;0.417;0.3;1.7;0.2;1.3;2.3;0.571;0.458;0;0;0;0;2.3;2.3;1.3;0.3;0.7;0;3.3;3.7
199;Keldon Johnson;SF;23;SAS;7;7;33.6;8;17.6;0.455;3.9;8.9;0.435;4.1;8.7;0.475;0.565;4;5;0.8;0.6;4.9;5.4;4.1;1.3;0.1;2.9;1.7;23.9
200;Keon Johnson;SG;20;POR;3;0;11.7;1.7;3.7;0.455;0.7;2.3;0.286;1;1.3;0.75;0.545;0.3;0.7;0.5;0;2;2;1;0.7;0.7;1.7;1;4.3
201;Nikola Joki?;C;27;DEN;7;7;32.9;7.3;12.4;0.586;0.6;2.7;0.211;6.7;9.7;0.691;0.609;5.9;6.7;0.872;2.1;9;11.1;8.4;1.3;0.6;2.6;2.7;21
202;Damian Jones;C;27;LAL;5;1;10.2;1;2.6;0.385;0;0.2;0;1;2.4;0.417;0.385;0.6;1.2;0.5;1.2;1.8;3;0.6;0;0.6;0.6;1.4;2.6
203;Derrick Jones Jr.;SF;25;CHI;6;0;14.3;1.3;3.5;0.381;0.2;0.8;0.2;1.2;2.7;0.438;0.405;2.8;3.2;0.895;1.3;1.3;2.7;0.5;0.5;0.7;0.2;0.8;5.7
204;Herbert Jones;SF;24;NOP;3;3;31.7;2.3;6.3;0.368;0.3;2;0.167;2;4.3;0.462;0.395;2.3;3;0.778;1.7;1.7;3.3;2;0;1.3;1;4.3;7.3
205;Kai Jones;C;22;CHO;3;0;3.7;0.7;0.7;1;0.3;0.3;1;0.3;0.3;1;1.25;0.7;1.3;0.5;0;0;0;0.7;0;0.3;0;0;2.3
206;Tre Jones;PG;23;SAS;7;7;31;4;10.6;0.378;0.9;2.3;0.375;3.1;8.3;0.379;0.419;4.1;4.6;0.906;1.1;2.9;4;5.3;1.3;0.3;2.3;2.3;13
207;Tyus Jones;PG;26;MEM;7;1;25.6;5.4;11.7;0.463;2;5.1;0.389;3.4;6.6;0.522;0.549;0.4;1.1;0.375;0.4;1.9;2.3;4.3;0.7;0.1;1.6;0.6;13.3
208;DeAndre Jordan;C;34;DEN;6;0;12.2;2.2;2.7;0.813;0.2;0.2;1;2;2.5;0.8;0.844;0.8;2;0.417;1.5;4;5.5;0.5;0.2;0.7;1.2;1.8;5.3
209;Cory Joseph;PG;31;DET;7;1;15.7;1.1;3;0.381;0.7;1.4;0.5;0.4;1.6;0.273;0.5;0.7;0.9;0.833;0.1;1;1.1;2.4;0.3;0.1;0.6;1.4;3.7
210;Nikola Jovi?;PF;19;MIA;3;0;7.3;1;2.3;0.429;0;1;0;1;1.3;0.75;0.429;0;0;0;0.3;0.3;0.7;0.3;0.7;0;0.3;1.7;2
211;Frank Kaminsky;C;29;ATL;2;0;4.5;0;0.5;0;0;0.5;0;0;0;0;0;2;2;1;0;1.5;1.5;1;0;0;0.5;1;2
212;Trevor Keels;SG;19;NYK;1;0;1;0;1;0;0;1;0;0;0;0;0;0;0;0;0;1;1;0;0;0;0;0;0
213;Luke Kennard;SG;26;LAC;7;1;24.7;3.6;7.4;0.481;1.7;3.9;0.444;1.9;3.6;0.52;0.596;0.3;0.3;1;0.4;3.3;3.7;0.7;0.3;0;1.4;1.7;9.1
214;Walker Kessler;C;21;UTA;5;0;16.6;2;3.2;0.625;0;0;0;2;3.2;0.625;0.625;1.8;3;0.6;2.2;3;5.2;1.2;0.4;1.6;1;2.2;5.8
215;Braxton Key;SF;25;DET;1;0;5;1;1;1;0;0;0;1;1;1;1;2;2;1;0;0;0;0;0;0;0;0;4
216;Maxi Kleber;C;31;DAL;6;0;27;1.8;4.5;0.407;1;3.2;0.316;0.8;1.3;0.625;0.519;1.5;2;0.75;1.2;3.2;4.3;0.7;0.7;0.8;0.8;1.8;6.2
217;Nathan Knight;PF;25;MIN;2;0;2;0;0;0;0;0;0;0;0;0;0;0;0;0;0;1;1;0;0;0;0;0.5;0
218;Kevin Knox;SF;23;DET;5;0;7.2;0.6;3.4;0.176;0.2;2.2;0.091;0.4;1.2;0.333;0.206;0;0;0;0.2;1;1.2;0;0.2;0;0.4;1.4;1.4
219;Christian Koloko;C;22;TOR;7;2;15.4;1.3;2.6;0.5;0;0;0;1.3;2.6;0.5;0.5;0.7;1.6;0.455;1.3;2;3.3;0.4;0.4;1;0.4;3;3.3
220;John Konchar;SG;26;MEM;6;4;27.3;2.8;6.5;0.436;1.7;4.3;0.385;1.2;2.2;0.538;0.564;0.2;0.3;0.5;1.3;3.8;5.2;0.5;1.8;0.3;0.5;1.7;7.5
221;Furkan Korkmaz;SG;25;PHI;2;0;2;0;0.5;0;0;0.5;0;0;0;0;0;0;0;0;0;0.5;0.5;0.5;0;0;0;0;0
222;Luke Kornet;C;27;BOS;4;0;14;1;1.8;0.571;0.3;0.5;0.5;0.8;1.3;0.6;0.643;0.3;0.5;0.5;1.3;2;3.3;1.5;0;0.5;1;1.3;2.5
223;Vit Krejci;PG;22;ATL;3;0;3.3;0.7;1;0.667;0.3;0.7;0.5;0.3;0.3;1;0.833;0;0;0;0;0.3;0.3;0.3;0;0;0;0.7;1.7
224;Jonathan Kuminga;PF;20;GSW;6;0;10.8;0.8;2.5;0.333;0;0.7;0;0.8;1.8;0.455;0.333;1;1;1;0.7;1.2;1.8;0.5;0.2;0.2;1.2;1.7;2.7
225;Kyle Kuzma;PF;27;WAS;7;7;33.1;6;13.9;0.433;1.9;5.4;0.342;4.1;8.4;0.492;0.5;3.3;4.1;0.793;0.6;6.7;7.3;2;0.3;0.9;1.4;3.3;17.1
226;Anthony Lamb;SF;25;GSW;1;0;9;1;1;1;0;0;0;1;1;1;1;0;0;0;0;2;2;1;0;0;0;2;2
227;Jock Landale;C;27;PHO;7;0;17.3;3.7;7.7;0.481;0.3;2.7;0.105;3.4;5;0.686;0.5;1.9;2.3;0.813;1.7;3;4.7;0.6;0.1;0.9;0.7;2.9;9.6
228;Romeo Langford;SG;23;SAS;4;1;15;1.8;4;0.438;0;0.5;0;1.8;3.5;0.5;0.438;0.3;0.5;0.5;1.3;0.8;2;0.5;0.5;0.3;0.5;0.5;3.8
229;Jake LaRavia;PF;21;MEM;5;0;18.2;2.4;4.6;0.522;1.8;3;0.6;0.6;1.6;0.375;0.717;0.6;0.6;1;1.2;2.8;4;0.4;0.4;0.4;0.4;3.4;7.2
230;Zach LaVine;SG;27;CHI;5;5;33.2;7.6;17;0.447;3.6;7.8;0.462;4;9.2;0.435;0.553;5;5.8;0.862;0.2;3;3.2;3.8;0.8;0.2;2.2;1.8;23.8
231;Damion Lee;SG;30;PHO;7;0;16.6;1.4;4.3;0.333;1;2.7;0.368;0.4;1.6;0.273;0.45;1;1.1;0.875;0.4;1.9;2.3;1.1;0.4;0;0.3;1.4;4.9
232;Alex Len;C;29;SAC;3;0;2.7;0;0.3;0;0;0;0;0;0.3;0;0;0.3;0.7;0.5;0;0.7;0.7;0;0;0;0;0.7;0.3
233;Kawhi Leonard;SF;31;LAC;2;0;21;4;9;0.444;0.5;3;0.167;3.5;6;0.583;0.472;4;4.5;0.889;2;4.5;6.5;2;1.5;0;2;2.5;12.5
234;Caris LeVert;SG;28;CLE;6;6;35;4.2;12.5;0.333;2.7;5.5;0.485;1.5;7;0.214;0.44;3.7;4.5;0.815;0.5;3;3.5;6.7;1.2;0.2;2.5;2.8;14.7
235;Damian Lillard;PG;32;POR;5;5;35;9.6;19.4;0.495;4;10.2;0.392;5.6;9.2;0.609;0.598;7.8;8.4;0.929;1.2;3.6;4.8;4.6;0.8;0.4;3.8;1.4;31
236;Nassir Little;PF;22;POR;6;0;14.7;2.2;4.2;0.52;0.8;2.2;0.385;1.3;2;0.667;0.62;0.2;0.8;0.2;0.3;2;2.3;0.8;0.5;0;0.3;0.5;5.3
237;Isaiah Livers;PF;24;DET;6;0;18.2;1.8;4.7;0.393;1.5;3.8;0.391;0.3;0.8;0.4;0.554;0.5;0.5;1;0.8;1.3;2.2;0.7;0.5;0.2;0.7;2.7;5.7
238;Kenneth Lofton Jr.;PF;20;MEM;3;0;4.7;1.3;3;0.444;0;0.3;0;1.3;2.7;0.5;0.444;0.3;1;0.333;0.3;0.3;0.7;0.3;0;0;0;1;3
239;Kevon Looney;C;26;GSW;8;8;22.9;2.5;4;0.625;0;0;0;2.5;4;0.625;0.625;0.8;1.4;0.545;2.3;3.8;6;3.4;0.3;0.3;0.3;2.6;5.8
240;Brook Lopez;C;34;MIL;6;6;31.5;5.8;12.3;0.473;2.5;7;0.357;3.3;5.3;0.625;0.574;1.2;1.3;0.875;2.2;4.7;6.8;1;0.7;3.3;0.8;2.8;15.3
241;Robin Lopez;C;34;CLE;3;0;13.3;3.3;4;0.833;0;0;0;3.3;4;0.833;0.833;0;0.3;0;1.7;1.3;3;0.3;0;0.7;0.7;1;6.7
242;Kevin Love;PF;34;CLE;6;0;20;3.8;8.2;0.469;2.8;6;0.472;1;2.2;0.462;0.643;1.2;1.3;0.875;0.3;7.3;7.7;1.8;0;0.2;0.8;1.3;11.7
243;Kyle Lowry;PG;36;MIA;8;8;34.3;3.5;9.4;0.373;2.3;6.5;0.346;1.3;2.9;0.435;0.493;3.3;3.6;0.897;0.5;3.4;3.9;5.8;1.4;0.4;1.9;3;12.5
244;Trey Lyles;PF;27;SAC;4;0;14.5;2;5.5;0.364;1.3;4;0.313;0.8;1.5;0.5;0.477;0.8;1.5;0.5;0.8;2.8;3.5;1;1;0.8;1;1.8;6
245;Théo Maledon;PG;21;CHO;6;0;13.8;2.2;4;0.542;0.8;1.8;0.455;1.3;2.2;0.615;0.646;0.8;1;0.833;0.2;1;1.2;2.8;0.5;0.2;1;0.5;6
246;Sandro Mamukelashvili;C;23;MIL;1;0;2;0;0;0;0;0;0;0;0;0;0;0;0;0;0;0;0;0;0;0;1;0;0
247;Terance Mann;SG;26;LAC;7;3;16.3;2.4;3.9;0.63;0.3;1;0.286;2.1;2.9;0.75;0.667;0.4;1;0.429;0.9;2.1;3;0.6;0.3;0.3;1.1;1.3;5.6
248;Tre Mann;PG;21;OKC;7;4;27.1;5;12.4;0.402;1.7;5.9;0.293;3.3;6.6;0.5;0.471;1.3;1.9;0.692;1;2.4;3.4;3.1;1;0;0.7;2.3;13
249;Boban Marjanovi?;C;34;HOU;3;0;3;0.3;0.7;0.5;0;0;0;0.3;0.7;0.5;0.5;0.7;1;0.667;0.3;0.7;1;0.3;0;0;0.3;0;1.3
250;Lauri Markkanen;SF;25;UTA;8;8;34;8.6;17;0.507;2.1;6.8;0.315;6.5;10.3;0.634;0.57;3.3;3.9;0.839;2.5;6.8;9.3;2.9;0.8;1;2;1.8;22.6
251;Naji Marshall;SF;25;NOP;6;3;24.5;4;7.7;0.522;1;2.7;0.375;3;5;0.6;0.587;1.7;2.2;0.769;1.5;2;3.5;2.2;0.8;0.3;1.3;1.8;10.7
252;Caleb Martin;PF;27;MIA;7;7;26.3;3.3;7.9;0.418;1;2.3;0.438;2.3;5.6;0.41;0.482;0.6;0.6;1;1.9;2.9;4.7;1.4;1.6;0;0.7;2.3;8.1
253;Cody Martin;SF;27;CHO;1;0;1;0;0;0;0;0;0;0;0;0;0;0;0;0;0;0;0;0;0;0;0;0;0
254;Kenyon Martin Jr.;SF;22;HOU;8;2;25.8;3.9;8.8;0.443;0.9;3.4;0.259;3;5.4;0.558;0.493;1.9;2.8;0.682;1.1;4.1;5.3;1.6;0.5;0.5;1.1;2.4;10.5
255;Tyrese Martin;SG;23;ATL;3;0;3.7;1;1.3;0.75;0.3;0.3;1;0.7;1;0.667;0.875;0;0;0;0;0;0;0;0.3;0;0;0;2.3
256;Garrison Mathews;SG;26;HOU;8;0;14.1;1;3.3;0.308;1;3.3;0.308;0;0;0;0.462;1;1;1;0;1;1;0.5;0.4;0.1;0.4;1.6;4
257;Bennedict Mathurin;SG;20;IND;8;0;27;6.5;14.3;0.456;2.6;6.1;0.429;3.9;8.1;0.477;0.548;4.8;5.5;0.864;1.5;2.8;4.3;2.1;0.5;0;2.1;2.5;20.4
258;Wesley Matthews;SG;36;MIL;6;0;16.2;1.3;3.8;0.348;1;3;0.333;0.3;0.8;0.4;0.478;0.5;0.7;0.75;1.3;1.5;2.8;0.7;0.5;0.3;0.5;1.8;4.2
259;Tyrese Maxey;SG;22;PHI;8;8;37.1;8.6;16.9;0.511;3;6.6;0.453;5.6;10.3;0.549;0.6;3;3.9;0.774;0.4;3.3;3.6;3.4;1.1;0.1;2.3;2.6;23.3
260;Miles McBride;PG;22;NYK;2;0;1.5;0;0;0;0;0;0;0;0;0;0;0;1;0;0;0;0;0;0;0;0;0.5;0
261;CJ McCollum;SG;31;NOP;6;6;34.2;8.2;19.3;0.422;2;6.8;0.293;6.2;12.5;0.493;0.474;2.2;2.5;0.867;0.5;3;3.5;7.2;1.3;0.2;1.7;2;20.5
262;T.J. McConnell;PG;30;IND;7;0;14.4;1.7;5;0.343;0;0.1;0;1.7;4.9;0.353;0.343;0;0;0;0.6;1;1.6;2.7;1.3;0.3;1.4;0.9;3.4
263;Jaden McDaniels;PF;22;MIN;8;8;30.3;3.8;7.3;0.517;0.8;2.6;0.286;3;4.6;0.649;0.569;1.9;2.3;0.833;1.3;1.8;3;1;1.6;1.5;1.4;3.4;10.1
264;Jalen McDaniels;SF;25;CHO;7;0;25;3.7;8;0.464;2;3.3;0.609;1.7;4.7;0.364;0.589;1.4;1.4;1;0.9;4.9;5.7;2.4;0.7;0.6;1.1;2.9;10.9
265;Doug McDermott;SF;31;SAS;7;0;21;4.1;9.4;0.439;2.7;6;0.452;1.4;3.4;0.417;0.583;0.7;0.9;0.833;0.4;2;2.4;1.6;0;0.3;0.7;2;11.7
266;JaVale McGee;C;35;DAL;5;5;12;1.8;3.8;0.474;0;0;0;1.8;3.8;0.474;0.474;1.4;2.4;0.583;1.4;2.2;3.6;0.4;0.4;0.8;1.2;1.2;5
267;Bryce McGowens;SG;20;CHO;4;0;3.3;0.5;1;0.5;0;0.3;0;0.5;0.8;0.667;0.5;0;0;0;0;0.3;0.3;0.3;0.3;0.3;0;0;1
268;Rodney McGruder;SG;31;DET;2;0;4;0.5;1.5;0.333;0.5;1.5;0.333;0;0;0;0.5;0;0;0;0;0.5;0.5;0;0;0;0;0;1.5
269;Jordan McLaughlin;PG;26;MIN;6;0;17.5;1.8;4.2;0.44;0.3;2;0.167;1.5;2.2;0.692;0.48;0.3;0.3;1;0.3;1.8;2.2;3.3;0.7;0;0.7;0.5;4.3
270;De'Anthony Melton;PG;24;PHI;8;2;22.5;3.9;7.5;0.517;1.4;3.4;0.407;2.5;4.1;0.606;0.608;0.4;0.4;1;0.3;2.6;2.9;2.3;2;0.1;0.4;1.4;9.5
271;Chimezie Metu;C;25;SAC;3;0;8.3;0.7;2.3;0.286;0;1;0;0.7;1.3;0.5;0.286;0.7;0.7;1;0;2.3;2.3;1;0.3;0.3;0;1;2
272;Patty Mills;PG;34;BRK;8;0;13.6;1.9;4.3;0.441;1.5;3.5;0.429;0.4;0.8;0.5;0.618;1.3;1.3;1;0.3;0.5;0.8;0.8;0.1;0;0.3;0.6;6.5
273;Shake Milton;SG;26;PHI;4;0;7.3;1;2.5;0.4;0;0.3;0;1;2.3;0.444;0.4;0;0;0;0.5;0.8;1.3;1;0;0.3;0.5;0.8;2
274;Davion Mitchell;PG;24;SAC;6;0;18.2;3;6.2;0.486;1.2;3;0.389;1.8;3.2;0.579;0.581;0.3;0.5;0.667;0;2;2;1.8;0.7;0;1.8;1.8;7.5
275;Donovan Mitchell;SG;26;CLE;6;6;39;11;22.2;0.496;4.2;9.2;0.455;6.8;13;0.526;0.59;6;7;0.857;1.2;3.3;4.5;7.3;1.7;0.5;4.2;3.3;32.2
276;Evan Mobley;PF;21;CLE;6;6;34.7;6;10.8;0.554;0.3;1.3;0.25;5.7;9.5;0.596;0.569;3.5;4.3;0.808;1.3;4.7;6;2.2;1.2;1.2;2.5;3;15.8
277;Isaiah Mobley;PF;23;CLE;1;0;4;1;1;1;1;1;1;0;0;0;1.5;0;0;0;0;1;1;0;0;0;0;1;3
278;Chima Moneke;SF;27;SAC;1;0;6;0;1;0;0;0;0;0;1;0;0;0;2;0;2;0;2;1;0;0;0;2;0
279;Malik Monk;SG;24;SAC;6;0;18;2.8;8.2;0.347;2;5.8;0.343;0.8;2.3;0.357;0.469;0.7;0.8;0.8;0.7;2;2.7;3.8;0.7;0.3;1.5;1;8.3
280;Moses Moody;SG;20;GSW;8;0;16.6;2.1;5.4;0.395;1.4;3.8;0.367;0.8;1.6;0.462;0.523;0.8;1;0.75;0.5;1.6;2.1;0.5;0.5;0.6;1.4;0.9;6.4
281;Wendell Moore Jr.;SG;21;MIN;1;0;2;0;1;0;0;1;0;0;0;0;0;0;0;0;0;0;0;0;0;0;1;0;0
282;Ja Morant;PG;23;MEM;6;6;32.7;11;20;0.55;2.3;4.2;0.56;8.7;15.8;0.547;0.608;9;10.5;0.857;1.3;3.2;4.5;6.3;0.7;0.5;3.3;2.2;33.3
283;Marcus Morris;PF;33;LAC;5;5;28;5.8;11.2;0.518;1.4;4.2;0.333;4.4;7;0.629;0.58;0.6;0.6;1;0.6;4.4;5;2.2;0.8;0.2;0.8;2.4;13.6
284;Markieff Morris;PF;33;BRK;4;0;9.3;1;2.3;0.444;1;2;0.5;0;0.3;0;0.667;0;0;0;0.3;1.8;2;0.3;0.3;0.3;1;1.3;3
285;Monte Morris;PG;27;WAS;7;7;28.3;3.4;8.3;0.414;1.1;2.7;0.421;2.3;5.6;0.41;0.483;1.3;1.7;0.75;0.4;4;4.4;5.6;0.9;0.3;0.9;1.4;9.3
286;Trey Murphy III;SF;22;NOP;6;3;31.7;5.3;10;0.533;3.2;5.8;0.543;2.2;4.2;0.52;0.692;1.2;1.3;0.875;1.8;4.2;6;1;1.2;0.2;1.2;2.7;15
287;Dejounte Murray;SG;26;ATL;7;7;36.1;8;17.6;0.455;2;5;0.4;6;12.6;0.477;0.512;2;2.3;0.875;0.6;5.6;6.1;7.6;2;0.6;2.6;1.7;20
288;Jamal Murray;PG;25;DEN;6;6;26.7;5.7;13.7;0.415;1.7;5;0.333;4;8.7;0.462;0.476;0.8;1.5;0.556;0.2;2.7;2.8;3.2;1;0;2.2;0.7;13.8
289;Keegan Murray;SF;22;SAC;5;3;35.6;6.6;13.4;0.493;3;7.6;0.395;3.6;5.8;0.621;0.604;1.2;1.4;0.857;1.2;2.8;4;1.4;0.4;1;2.4;2.2;17.4
290;Mike Muscala;C;31;OKC;6;0;13.2;2.7;5.2;0.516;0.8;2.7;0.313;1.8;2.5;0.733;0.597;1.5;1.7;0.9;1;4.2;5.2;0.8;0;0.3;0.5;1.3;7.7
291;Svi Mykhailiuk;SF;25;NYK;1;0;2;1;1;1;1;1;1;0;0;0;1.5;0;0;0;0;2;2;0;0;0;0;0;3
292;Larry Nance Jr.;PF;30;NOP;6;0;21;3.8;6.3;0.605;0.3;0.8;0.4;3.5;5.5;0.636;0.632;0;0.2;0;1.3;3.5;4.8;2.3;0.5;0.7;1.5;2;8
293;Andrew Nembhard;SG;23;IND;7;0;15.6;1.9;4.9;0.382;1.1;3;0.381;0.7;1.9;0.385;0.5;0.6;0.6;1;0.4;1.4;1.9;2.7;0.6;0.1;0.4;1.7;5.4
294;Aaron Nesmith;SF;23;IND;6;4;21.8;3.2;7.2;0.442;1.2;3.7;0.318;2;3.5;0.571;0.523;1.2;1.5;0.778;0.5;3;3.5;1.5;0.2;0.8;1;3;8.7
295;Raul Neto;PG;30;CLE;6;0;10.2;1.2;2.8;0.412;0.2;1;0.167;1;1.8;0.545;0.441;0.7;0.7;1;0.3;0.8;1.2;1.3;0.3;0;0.3;1;3.2
296;Georges Niang;PF;29;PHI;8;0;15.4;2.6;5;0.525;1.9;3.9;0.484;0.8;1.1;0.667;0.713;0.3;0.3;1;0.1;1.5;1.6;0.5;0.1;0.1;0.6;1.5;7.4
297;Daishen Nix;PG;20;HOU;6;0;13.7;1.2;3;0.389;0.7;1.8;0.364;0.5;1.2;0.429;0.5;0.5;0.7;0.75;0.5;0.3;0.8;2;0.3;0.2;1.3;0.7;3.5
298;Zeke Nnaji;PF;22;DEN;5;0;4;0.8;1.4;0.571;0;0.4;0;0.8;1;0.8;0.571;0;0;0;0;0;0;0;0.2;0;0.2;1.6;1.6
299;Nerlens Noel;C;28;DET;1;0;19;0;3;0;0;0;0;0;3;0;0;2;2;1;2;2;4;2;1;1;0;1;2
300;Jaylen Nowell;SG;23;MIN;8;0;20.3;5.1;12.9;0.398;1.1;4.4;0.257;4;8.5;0.471;0.442;1;1.4;0.727;1;2.9;3.9;2.4;0.6;0.1;0.3;1.4;12.4
301;Kendrick Nunn;PG;27;LAL;6;0;13.2;2.3;7;0.333;1;3.7;0.273;1.3;3.3;0.4;0.405;0;0.2;0;0;1.8;1.8;1;0.2;0.2;1.7;1.2;5.7
302;Jusuf Nurki?;C;28;POR;6;6;30.7;4.8;10;0.483;0.2;0.7;0.25;4.7;9.3;0.5;0.492;3.7;4.3;0.846;3;9.2;12.2;2.5;0.8;1.2;2.3;3;13.5
303;Jordan Nwora;SF;24;MIL;6;0;15;1.7;4.8;0.345;1;2.5;0.4;0.7;2.3;0.286;0.448;0.5;0.5;1;0.7;2.8;3.5;0.3;0.2;0;0.8;1.2;4.8
304;Royce O'Neale;SF;29;BRK;8;8;36.9;4;9.8;0.41;2.5;6.1;0.408;1.5;3.6;0.414;0.538;0.3;0.3;1;0.9;3.5;4.4;3;1.4;0.9;1.1;3.6;10.8
305;Chuma Okeke;PF;24;ORL;8;0;16.6;1.4;3.6;0.379;1;2.9;0.348;0.4;0.8;0.5;0.517;0.5;0.5;1;1.1;2.6;3.8;1.5;0.3;0;0.5;1.8;4.3
306;Josh Okogie;SG;24;PHO;6;0;3.8;0.5;1;0.5;0;0.3;0;0.5;0.7;0.75;0.5;0.3;0.3;1;0.5;0.8;1.3;0;0.2;0;0;0.5;1.3
307;Onyeka Okongwu;C;22;ATL;7;0;19.9;4.1;5.7;0.725;0;0;0;4.1;5.7;0.725;0.725;1.1;1.9;0.615;2;3.4;5.4;0.7;0.4;1;0.9;3.3;9.4
308;Isaac Okoro;SG;22;CLE;6;2;16.2;0.7;3;0.222;0;1.7;0;0.7;1.3;0.5;0.222;0.3;0.3;1;0.2;1.2;1.3;0.3;0.3;0.2;1;2;1.7
309;KZ Okpala;PF;23;SAC;6;3;6.5;0.2;0.8;0.2;0.2;0.7;0.25;0;0.2;0;0.3;0;0;0;0.3;0.7;1;0.3;0;0;0;0.7;0.5
310;Kelly Olynyk;PF;31;UTA;8;8;27.4;4.5;8.4;0.537;2;3.5;0.571;2.5;4.9;0.513;0.657;1.9;2.8;0.682;1.3;2.8;4;3.4;1.6;0.8;3;4.6;12.9
311;Eugene Omoruyi;SF;25;OKC;4;0;9.8;1.8;3.5;0.5;0.3;1.3;0.2;1.5;2.3;0.667;0.536;1.5;2.3;0.667;1.3;1;2.3;0.3;0;0;0.5;3;5.3
312;Cedi Osman;SF;27;CLE;6;0;25.7;4;9.2;0.436;1.8;5;0.367;2.2;4.2;0.52;0.536;1.7;2.2;0.769;0.5;1.8;2.3;2;0.2;0.2;0.8;3.2;11.5
313;Kelly Oubre Jr.;SF;27;CHO;7;7;29.4;6.3;15.4;0.407;2.3;6.6;0.348;4;8.9;0.452;0.481;1.6;2.4;0.647;1;4.1;5.1;1.4;1.4;0.3;1.1;2.9;16.4
314;Chris Paul;PG;37;PHO;7;7;32.9;3.3;9.1;0.359;0.9;3.7;0.231;2.4;5.4;0.447;0.406;2.7;3.3;0.826;0.7;4.4;5.1;11;1.9;0.1;1.7;2.6;10.1
315;Cameron Payne;PG;28;PHO;7;0;16;3.4;8.1;0.421;1.3;3.3;0.391;2.1;4.9;0.441;0.5;0.7;0.9;0.833;0.3;1.7;2;2.9;1.1;0.1;1.9;1;8.9
316;Theo Pinson;SG;27;DAL;1;0;7;0;0;0;0;0;0;0;0;0;0;2;2;1;0;2;2;1;0;0;0;0;2
317;Scotty Pippen Jr.;PG;22;LAL;1;0;2;0;0;0;0;0;0;0;0;0;0;2;2;1;0;0;0;0;0;0;0;0;2
318;Mason Plumlee;C;32;CHO;7;7;24.4;3;4.7;0.636;0;0;0;3;4.7;0.636;0.636;2;4;0.5;2.3;4.9;7.1;4.4;0.3;0.6;1.7;3.6;8
319;Jakob Poeltl;C;27;SAS;7;7;29.4;5.9;8.9;0.661;0;0;0;5.9;8.9;0.661;0.661;2.4;4.1;0.586;4.3;7.1;11.4;3.7;0.7;0.9;2.1;2;14.1
320;Aleksej Pokusevski;PF;21;OKC;7;3;21.3;3;7.7;0.389;1;3.1;0.318;2;4.6;0.438;0.454;0.7;1.4;0.5;1.7;3;4.7;1.7;0.7;1.1;1.6;1.6;7.7
321;Jordan Poole;SG;23;GSW;8;1;29.1;5.8;13;0.442;2.3;7;0.321;3.5;6;0.583;0.529;3;3.8;0.8;0.1;1.5;1.6;5;1.4;0.1;2.9;2.6;16.8
322;Kevin Porter Jr.;PG;22;HOU;8;8;34.5;7;16.9;0.415;1.6;4.6;0.351;5.4;12.3;0.439;0.463;4.6;5.6;0.822;1.8;4.6;6.4;5.3;1.6;0.4;3.3;2.8;20.3
323;Michael Porter Jr.;SF;24;DEN;6;6;29;6.3;13.5;0.469;3.8;7.8;0.489;2.5;5.7;0.441;0.611;2;2.5;0.8;2;5.5;7.5;1.2;0.7;0.3;1.3;4;18.5
324;Bobby Portis;PF;27;MIL;6;0;24.8;5.5;11.7;0.471;1.3;3.7;0.364;4.2;8;0.521;0.529;1;1.5;0.667;3.2;7.3;10.5;1.3;0.5;0.5;0.7;1.5;13.3
325;Kristaps Porzi??is;PF;27;WAS;7;7;31;7.3;14.6;0.5;2;5.3;0.378;5.3;9.3;0.569;0.569;3.1;3.9;0.815;2.9;5.6;8.4;2.1;0.7;1;1.9;3.9;19.7
326;Micah Potter;PF;24;UTA;2;0;6;1;1;1;0;0;0;1;1;1;1;0;0;0;0.5;1;1.5;0.5;0;0;0;1;2
327;Dwight Powell;C;31;DAL;3;1;12.7;2.3;3.3;0.7;0;0.3;0;2.3;3;0.778;0.7;1.7;2;0.833;0.7;1.3;2;0;0;0.7;0.3;1.7;6.3
328;Norman Powell;SG;29;LAC;7;5;26;4.1;11;0.377;1;4.4;0.226;3.1;6.6;0.478;0.422;1.6;2.4;0.647;0.4;2.3;2.7;1.6;0.4;0.4;2.6;1.6;10.9
329;Jason Preston;PG;23;LAC;1;0;3;0;1;0;0;1;0;0;0;0;0;0;2;0;0;0;0;0;0;0;0;0;0
330;Joshua Primo;SG;20;SAS;4;0;23.3;2.3;6.5;0.346;0.8;3;0.25;1.5;3.5;0.429;0.404;1.8;2.3;0.778;0.5;2.8;3.3;4.5;0.3;0.5;2.8;2;7
331;Taurean Prince;SF;28;MIN;8;0;18.6;3;5.1;0.585;1.8;3.4;0.519;1.3;1.8;0.714;0.756;0.4;0.5;0.75;0.4;2.5;2.9;1.3;0.5;0.1;0.8;2.8;8.1
332;Payton Pritchard;PG;25;BOS;3;0;5.7;0.7;2.3;0.286;0.7;1.3;0.5;0;1;0;0.429;0.3;0.7;0.5;0;0.3;0.3;1.3;0;0;0.7;0.7;2.3
333;Immanuel Quickley;PG;23;NYK;6;0;22.2;3;8.2;0.367;1.3;4.3;0.308;1.7;3.8;0.435;0.449;1.3;2;0.667;0.7;3.7;4.3;4;0.7;0.2;1.7;1.2;8.7
334;Julius Randle;PF;28;NYK;6;6;33;6.5;14.8;0.438;1;4.2;0.24;5.5;10.7;0.516;0.472;4.3;6.2;0.703;2.2;7.2;9.3;3.5;1.3;0.2;2.2;4.5;18.3
335;Austin Reaves;SG;24;LAL;6;1;23;2.3;4.3;0.538;1.3;2.8;0.471;1;1.5;0.667;0.692;1.3;1.5;0.889;0.5;2.3;2.8;1.7;0.3;0.2;0.8;1.3;7.3
336;Cam Reddish;SF;23;NYK;6;0;18.8;3.3;6.8;0.488;1;2.5;0.4;2.3;4.3;0.538;0.561;0.5;0.5;1;0.3;2.3;2.7;0.7;0.5;0.5;1.2;2.2;8.2
337;Davon Reed;SG;27;DEN;5;0;6.4;0.2;1.4;0.143;0.2;0.8;0.25;0;0.6;0;0.214;0.2;0.4;0.5;0;0.6;0.6;0.2;0.6;0;0.8;0.8;0.8
338;Paul Reed;C;23;PHI;5;0;4.4;0;0.4;0;0;0;0;0;0.4;0;0;0;0;0;0;0.6;0.6;0;0.6;0.2;0.2;0.6;0
339;Naz Reid;C;23;MIN;6;0;10.8;3.2;5.2;0.613;0.7;1.7;0.4;2.5;3.5;0.714;0.677;0.7;1;0.667;0.7;1.7;2.3;0.5;0.7;0.7;0.2;1;7.7
340;Nick Richards;C;25;CHO;7;0;21;4.3;6.6;0.652;0;0;0;4.3;6.6;0.652;0.652;2.7;3.7;0.731;3.3;3.7;7;1;0;0.4;0.4;1.9;11.3
341;Josh Richardson;SG;29;SAS;6;2;24.3;4;8.3;0.48;2.3;5.2;0.452;1.7;3.2;0.526;0.62;1.3;1.3;1;0.2;2.5;2.7;3.7;1;0.2;1.3;1.8;11.7
342;Austin Rivers;SG;30;MIN;4;0;6.8;0;1;0;0;0.3;0;0;0.8;0;0;0;0;0;0;0.5;0.5;0.3;0;0;0;0;0
343;Duncan Robinson;SF;28;MIA;8;0;13.8;2.3;5.4;0.419;1.6;3.8;0.433;0.6;1.6;0.385;0.57;0.4;0.4;1;0.4;1.8;2.1;1.4;0;0;0.4;2;6.5
344;Mitchell Robinson;C;24;NYK;6;6;24;3.2;4.7;0.679;0;0;0;3.2;4.7;0.679;0.679;1;2.3;0.429;4;2.2;6.2;0.8;0.3;2.5;0.7;3.7;7.3
345;Jeremiah Robinson-Earl;PF;22;OKC;7;5;17.1;2.6;5;0.514;1.1;2.7;0.421;1.4;2.3;0.625;0.629;0.7;0.7;1;0.7;2.9;3.6;1;1.3;0.3;0.3;1.9;7
346;Isaiah Roby;PF;24;SAS;5;0;10.4;1.2;2.8;0.429;0.4;1.2;0.333;0.8;1.6;0.5;0.5;0.2;0.6;0.333;0.6;1.8;2.4;1.2;1;0.4;0.4;0.8;3
347;David Roddy;PF;21;MEM;7;0;20.1;1.9;6.6;0.283;0.6;3.6;0.16;1.3;3;0.429;0.326;0.6;0.6;1;1;2.4;3.4;0.9;0.7;0.4;0.7;2;4.9
348;Ryan Rollins;PG;20;GSW;3;0;1.3;0;0.3;0;0;0;0;0;0.3;0;0;0;0;0;0;0.3;0.3;0.3;0;0;0.3;0.7;0
349;Derrick Rose;PG;34;NYK;6;0;13;3.3;6.3;0.526;1.3;2.8;0.471;2;3.5;0.571;0.632;0.5;0.5;1;0.3;2;2.3;2.7;0.2;0.2;1;0.7;8.5
350;Terrence Ross;SG;31;ORL;8;8;27.5;3.9;8.4;0.463;1.9;4.6;0.405;2;3.8;0.533;0.575;0.5;0.8;0.667;0.5;2.3;2.8;1.3;0.8;0.3;0.4;2.3;10.1
351;Terry Rozier;PG;28;CHO;2;2;33;8.5;21.5;0.395;3;7.5;0.4;5.5;14;0.393;0.465;3.5;4;0.875;2;5;7;8.5;0.5;1.5;3;1;23.5
352;D'Angelo Russell;PG;26;MIN;8;8;30.1;5.1;13;0.394;1.5;5.4;0.279;3.6;7.6;0.475;0.452;2.3;2.9;0.783;0.8;3.4;4.1;5.8;1.6;0.8;3.1;2;14
353;Matt Ryan;SF;25;LAL;4;0;12.8;1.8;3.8;0.467;1.5;2.8;0.545;0.3;1;0.25;0.667;0;0;0;0;0.8;0.8;0;0.3;0;0.3;1.8;5
354;Domantas Sabonis;PF;26;SAC;6;6;29.2;5;9.3;0.536;0;1.2;0;5;8.2;0.612;0.536;3.5;5.2;0.677;2.7;7.7;10.3;5.8;0.8;0.8;2.3;4.7;13.5
355;Dario Šari?;PF;28;PHO;2;0;3.5;0.5;1;0.5;0.5;0.5;1;0;0.5;0;0.75;0;0;0;0.5;1;1.5;0.5;0.5;0;0;0.5;1.5
356;Jordan Schakel;SF;24;WAS;2;0;3;0.5;1;0.5;0.5;0.5;1;0;0.5;0;0.75;0;0;0;0;0;0;0.5;0.5;0;0;0.5;1.5
357;Admiral Schofield;PF;25;ORL;2;0;8.5;1;1.5;0.667;0.5;1;0.5;0.5;0.5;1;0.833;0;0;0;0;1;1;0;0;0;0;2;2.5
358;Dereon Seabron;SG;22;NOP;2;0;1.5;0;0;0;0;0;0;0;0;0;0;0;0;0;0;0;0;0;0;0;0;0;0
359;Alperen Þengün;C;20;HOU;6;3;26.2;5.7;10.2;0.557;0.5;1.7;0.3;5.2;8.5;0.608;0.582;3.3;4.5;0.741;3.8;6;9.8;1.5;0.5;1.2;2;3;15.2
360;Collin Sexton;SG;24;UTA;8;1;19.6;4;8.5;0.471;1.1;3;0.375;2.9;5.5;0.523;0.537;3.4;4;0.844;1.1;1.6;2.8;1.6;0.8;0.1;1.5;2.4;12.5
361;Landry Shamet;SG;25;PHO;5;0;15.6;2;5;0.4;1.4;3.6;0.389;0.6;1.4;0.429;0.54;1.2;1.6;0.75;0.2;0.4;0.6;1;1;0;0.6;1.6;6.6
362;Day'Ron Sharpe;C;21;BRK;5;0;14.2;1.6;3.6;0.444;0;0.2;0;1.6;3.4;0.471;0.444;0.8;1.6;0.5;1.8;3;4.8;1;0.6;1;1;3.6;4
363;Shaedon Sharpe;SG;19;POR;6;1;18.5;3.7;7.3;0.5;1;2.3;0.429;2.7;5;0.533;0.568;1;1.5;0.667;1.3;1.7;3;0.7;0.3;0.2;0.8;2.7;9.3
364;Pascal Siakam;C;28;TOR;7;7;37.4;9;19.1;0.47;1.7;4.4;0.387;7.3;14.7;0.495;0.515;6.4;8.9;0.726;1.6;8;9.6;7.4;0.9;0.7;2.7;3.1;26.1
365;Ben Simmons;PG;26;BRK;6;6;31.8;2.5;5.7;0.441;0;0.2;0;2.5;5.5;0.455;0.441;1.2;2.5;0.467;1;5.5;6.5;7.3;1.2;0.7;2.7;4.3;6.2
366;Marko Simonovic;C;23;CHI;1;0;2;0;1;0;0;1;0;0;0;0;0;0;0;0;0;0;0;0;0;0;0;0;0
367;Anfernee Simons;SG;23;POR;6;6;36.2;7.5;17.5;0.429;3.7;9.8;0.373;3.8;7.7;0.5;0.533;1.8;2;0.917;0.5;2.3;2.8;3.2;1;0.3;2.7;2.7;20.5
368;Jericho Sims;C;24;NYK;2;0;1.5;0;0;0;0;0;0;0;0;0;0;0;0;0;0;0.5;0.5;0;0;0;0;0;0
369;Marcus Smart;PG;28;BOS;6;6;34.2;3;9.2;0.327;1.3;6;0.222;1.7;3.2;0.526;0.4;2.2;2.5;0.867;0.3;2.8;3.2;6.2;1.3;0.3;1.8;2.8;9.5
370;Dennis Smith Jr.;PG;25;CHO;7;5;30.7;5.3;10.9;0.487;1.1;2.6;0.444;4.1;8.3;0.5;0.539;0.6;1;0.571;0.9;3.3;4.1;6.4;2.3;0.6;1.9;2.7;12.3
371;Dru Smith;SG;25;MIA;1;0;6;1;3;0.333;0;2;0;1;1;1;0.333;0;0;0;0;1;1;0;1;0;0;1;2
372;Ish Smith;PG;34;DEN;5;0;4.6;0.4;1.6;0.25;0;0.2;0;0.4;1.4;0.286;0.25;0;0;0;0;0.4;0.4;0.4;0;0.2;0.8;0.8;0.8
373;Jabari Smith Jr.;PF;19;HOU;8;8;31.1;3.9;11.9;0.326;2.1;6.4;0.333;1.8;5.5;0.318;0.416;2;2.3;0.889;1.1;5.3;6.4;0.9;0.3;1.3;1;3.8;11.9
374;Jalen Smith;PF;22;IND;8;8;25.3;4.5;9.9;0.456;1;3.5;0.286;3.5;6.4;0.549;0.506;1.9;2.8;0.682;2.1;6.5;8.6;0.9;0.3;1;1.3;2.3;11.9
375;Jeremy Sochan;PF;19;SAS;6;6;23.5;3.5;7.5;0.467;0.7;2.8;0.235;2.8;4.7;0.607;0.511;0.3;0.8;0.4;1;3.3;4.3;2;0.8;0.5;1.2;2.8;8
376;Jaden Springer;PG;20;PHI;2;0;2;1;1.5;0.667;0;0;0;1;1.5;0.667;0.667;0.5;1;0.5;0.5;0.5;1;0;0;0.5;0;0.5;2.5
377;Lamar Stevens;PF;25;CLE;2;0;2;0;0.5;0;0;0;0;0;0.5;0;0;0;0;0;0;0.5;0.5;0;0;0;0;0;0
378;Isaiah Stewart;C;21;DET;8;8;29;3.9;9;0.431;1;4.3;0.235;2.9;4.8;0.605;0.486;4.4;6;0.729;3.3;7.1;10.4;1.3;0.4;0.5;0.6;2.8;13.1
379;Max Strus;SF;26;MIA;8;1;31;5.3;12;0.438;2.8;7.6;0.361;2.5;4.4;0.571;0.552;1.1;1.5;0.75;1;3.9;4.9;1.6;0.5;0.5;1;2;14.4
380;Jalen Suggs;PG;21;ORL;3;2;23.3;4;10;0.4;1.7;6;0.278;2.3;4;0.583;0.483;1.3;2;0.667;0.7;1;1.7;2.7;2.3;0.3;3.7;3.3;11
381;Edmond Sumner;SG;27;BRK;6;0;12.8;1.5;4.2;0.36;0;1.3;0;1.5;2.8;0.529;0.36;2.2;2.2;1;0;0.8;0.8;1.8;0.3;0.2;1;0.7;5.2
382;Cole Swider;SF;23;LAL;1;0;2;0;1;0;0;1;0;0;0;0;0;0;0;0;0;1;1;1;0;0;0;0;0
383;Jae'Sean Tate;SF;27;HOU;3;2;22.7;3.3;6.7;0.5;0.7;1.7;0.4;2.7;5;0.533;0.55;1;1.3;0.75;2.7;1.7;4.3;3.3;1;0;1.7;5;8.3
384;Jayson Tatum;PF;24;BOS;6;6;36.3;10.7;19.2;0.557;3.3;8.2;0.408;7.3;11;0.667;0.643;6.2;6.8;0.902;0.5;6.8;7.3;3.5;0.8;1;2.5;1.7;30.8
385;Terry Taylor;SG;23;IND;6;2;14.7;1.2;3.3;0.35;0.3;1.2;0.286;0.8;2.2;0.385;0.4;0.5;0.7;0.75;1;1.5;2.5;0.8;0.3;0.7;0.2;1.5;3.2
386;Garrett Temple;SG;36;NOP;2;0;10.5;1;2;0.5;1;2;0.5;0;0;0;0.75;0;0;0;0;0.5;0.5;0.5;0.5;0;0;1;3
387;Dalen Terry;SG;20;CHI;4;0;2.5;0;1;0;0;0.5;0;0;0.5;0;0;0;0;0;0;0;0;0.3;0;0.3;0.5;0.3;0
388;Cam Thomas;SG;21;BRK;3;0;4.7;0.3;1.3;0.25;0;0.3;0;0.3;1;0.333;0.25;0;0;0;0;0;0;0.3;0;0;0;0;0.7
389;Klay Thompson;SG;32;GSW;7;7;25.7;4.9;13.9;0.351;2.6;8.7;0.295;2.3;5.1;0.444;0.443;1;1.1;0.875;0.1;2.6;2.7;2.4;0.3;0.3;1.7;1.4;13.3
390;JT Thor;PF;20;CHO;6;0;10.2;0.5;1.7;0.3;0.2;1.3;0.125;0.3;0.3;1;0.35;0.5;0.5;1;0.3;1.8;2.2;0.2;0;0.5;0.5;0.8;1.7
391;Matisse Thybulle;SG;25;PHI;7;0;9.3;0.4;1.4;0.3;0.3;1;0.286;0.1;0.4;0.333;0.4;0.1;0.3;0.5;0.1;1;1.1;0.4;0.6;0.3;0.1;0.7;1.3
392;Xavier Tillman Sr.;PF;24;MEM;5;0;11.8;2;3.6;0.556;0.2;0.6;0.333;1.8;3;0.6;0.583;0.4;1.4;0.286;1.6;1.8;3.4;0.6;0;0.4;0.8;0.6;4.6
393;Isaiah Todd;PF;21;WAS;3;0;3;0.3;1;0.333;0;0.7;0;0.3;0.3;1;0.333;0;0;0;0;0;0;0;0;0;0;0;0.7
394;Obi Toppin;PF;24;NYK;6;0;15.5;3.8;6.8;0.561;1.5;3;0.5;2.3;3.8;0.609;0.671;0.3;0.3;1;0.7;2.8;3.5;1.5;0.2;0.2;0.8;0.8;9.5
395;Juan Toscano-Anderson;SF;29;LAL;4;0;16.5;1.5;3.8;0.4;0.3;2;0.125;1.3;1.8;0.714;0.433;0.3;0.3;1;0;3.3;3.3;0.8;0.5;0;0.8;1.8;3.5
396;Karl-Anthony Towns;PF;27;MIN;8;8;35.5;7.6;16.1;0.473;2.1;6;0.354;5.5;10.1;0.543;0.539;4.3;4.8;0.895;2;6.3;8.3;5.5;0.6;0.5;3.4;3.4;21.6
397;Gary Trent Jr.;SG;24;TOR;7;7;37;7;16;0.438;3.4;8.9;0.387;3.6;7.1;0.5;0.545;2;2.7;0.737;0.9;1.1;2;1.3;1.3;0.1;1;0.9;19.4
398;P.J. Tucker;PF;37;PHI;8;8;28.8;2.5;4.4;0.571;1.1;2.3;0.5;1.4;2.1;0.647;0.7;0.3;0.3;1;1.5;3;4.5;0.6;0.6;0.5;1.3;2.6;6.4
399;Myles Turner;C;26;IND;3;3;25.7;3.3;9.7;0.345;1;3.7;0.273;2.3;6;0.389;0.397;5.3;6.3;0.842;1;6;7;2;0.3;3.7;2.7;3;13
400;Jonas Valan?i?nas;C;30;NOP;6;6;26.3;6;11;0.545;0.5;1.5;0.333;5.5;9.5;0.579;0.568;4.2;4.7;0.893;3.7;6.8;10.5;3;0.7;0.5;1.5;2.2;16.7
401;Jarred Vanderbilt;PF;23;UTA;8;8;24.4;3.4;6.1;0.551;0.5;1.1;0.444;2.9;5;0.575;0.592;1;1.6;0.615;2.1;6.6;8.8;3;1.6;0.5;2;4.4;8.3
402;Fred VanVleet;PG;28;TOR;6;6;38;4;11.3;0.353;2.3;6.2;0.378;1.7;5.2;0.323;0.456;3;3.5;0.857;1;3;4;7.7;2.5;0.7;1.2;2.7;13.3
403;Devin Vassell;SG;22;SAS;4;4;32.5;6.8;16.5;0.409;3.3;8.3;0.394;3.5;8.3;0.424;0.508;3;4;0.75;0.3;4.8;5;4.5;1.3;0;1;1.3;19.8
404;Gabe Vincent;PG;26;MIA;8;0;22.4;2.5;6.4;0.392;0.8;3;0.25;1.8;3.4;0.519;0.451;1.1;1.4;0.818;0.5;1.9;2.4;3.4;0.6;0.1;1.8;2.3;6.9
405;Noah Vonleh;C;27;BOS;6;1;12.2;1.2;2.2;0.538;0;0;0;1.2;2.2;0.538;0.538;0;0;0;1.5;1.7;3.2;0.2;0.3;1;0.8;2.8;2.3
406;Nikola Vu?evi?;C;32;CHI;8;8;31.1;5.5;12.9;0.427;1.5;4.3;0.353;4;8.6;0.464;0.485;3.3;3.5;0.929;3.5;8.8;12.3;2.8;0.3;0.9;1.9;2.5;15.8
407;Dean Wade;PF;26;CLE;6;3;24.8;3.5;5.3;0.656;2.5;4;0.625;1;1.3;0.75;0.891;1;1.5;0.667;0.5;3;3.5;1.5;0.2;0.3;0.3;2;10.5
408;Franz Wagner;SF;21;ORL;8;8;33.8;6.4;14.8;0.432;0.9;4.5;0.194;5.5;10.3;0.537;0.462;2.1;2.5;0.85;1.4;2.6;4;4.4;1;0.5;2.9;2;15.8
409;Jabari Walker;SF;20;POR;3;0;4.3;0.7;1;0.667;0;0.3;0;0.7;0.7;1;0.667;0;0;0;0.3;1.3;1.7;1;0;0;0;0;1.3
410;Lonnie Walker IV;SG;24;LAL;6;6;31.3;5.5;13.2;0.418;1.2;5.3;0.219;4.3;7.8;0.553;0.462;2;2.7;0.75;0.8;2.5;3.3;2.5;1.2;1;1.3;1.8;14.2
411;John Wall;PG;32;LAC;5;0;21.6;5.2;10.6;0.491;0.8;3;0.267;4.4;7.6;0.579;0.528;2.6;4.2;0.619;0.4;1.8;2.2;4.6;0.8;0.4;1.8;1.6;13.8
412;Duane Washington Jr.;SG;22;PHO;3;0;1.3;0.3;1.3;0.25;0;0.7;0;0.3;0.7;0.5;0.25;0;0;0;0;0;0;0;0;0;0;0;0.7
413;P.J. Washington;PF;24;CHO;7;7;31.1;6.7;14.3;0.47;2.3;5.7;0.4;4.4;8.6;0.517;0.55;1.4;1.7;0.833;1;3.4;4.4;1.7;0.4;1.3;1.7;3.1;17.1
414;Yuta Watanabe;SF;28;BRK;7;0;15.4;1.7;2.9;0.6;1;1.7;0.583;0.7;1.1;0.625;0.775;0;0.3;0;0.3;1.6;1.9;0.3;0;0.4;0.3;1.1;4.4
415;Lindy Waters III;SG;25;OKC;2;0;8;0.5;3;0.167;0.5;3;0.167;0;0;0;0.25;0;0;0;0.5;0.5;1;0;0;0;0;0;1.5
416;Peyton Watson;SG;20;DEN;4;0;2.3;0.8;1.8;0.429;0;0;0;0.8;1.8;0.429;0.429;0;0;0;0.5;0.3;0.8;0;0;0;0;0.3;1.5
417;Blake Wesley;SG;19;SAS;2;0;11.5;3;4.5;0.667;1;1.5;0.667;2;3;0.667;0.778;1;2;0.5;0.5;0.5;1;2;0;0;1;1.5;8
418;Russell Westbrook;PG;34;LAL;5;3;30;4.6;13.4;0.343;0.8;4;0.2;3.8;9.4;0.404;0.373;3.4;4.8;0.708;1.2;6;7.2;4.8;1.4;0.2;2.6;2.4;13.4
419;Coby White;PG;22;CHI;7;0;21.9;3;7.9;0.382;1.4;4.9;0.294;1.6;3;0.524;0.473;0.7;1.3;0.556;0.1;1.6;1.7;1.7;0.7;0;0.9;2;8.1
420;Derrick White;SG;28;BOS;6;6;26.2;3.3;7.3;0.455;1.7;3.8;0.435;1.7;3.5;0.476;0.568;1.3;1.7;0.8;0.7;2.8;3.5;2.7;0.7;0.5;0.8;3.2;9.7
421;Jack White;SF;25;DEN;2;0;2;0;0;0;0;0;0;0;0;0;0;0;0;0;0;0.5;0.5;0;0.5;0;0;0;0
422;Aaron Wiggins;SG;24;OKC;6;3;24.2;2.3;5.8;0.4;0.8;2.5;0.333;1.5;3.3;0.45;0.471;1.2;1.5;0.778;1;4.3;5.3;1.5;0.7;0.3;0.7;1.2;6.7
423;Andrew Wiggins;SF;27;GSW;8;8;33.4;6.8;14.6;0.462;2.4;6.1;0.388;4.4;8.5;0.515;0.543;1.9;2.4;0.789;1.9;4.1;6;2.9;1.4;1.1;0.6;3;17.8
424;Grant Williams;PF;24;BOS;5;0;24.6;3.2;4.6;0.696;2;3;0.667;1.2;1.6;0.75;0.913;1.2;1.4;0.857;0.4;3.6;4;1.8;0.2;1;0.4;2.6;9.6
425;Jalen Williams;SG;21;OKC;3;1;18;3.3;5.7;0.588;0.3;1.3;0.25;3;4.3;0.692;0.618;1;1;1;0;1.3;1.3;1.3;2;0.3;2.3;2.3;8
426;Jaylin Williams;PF;20;OKC;1;0;8;2;4;0.5;0;0;0;2;4;0.5;0.5;0;1;0;3;3;6;2;0;0;0;2;4
427;Kenrich Williams;PF;28;OKC;6;2;20.8;2.8;5.8;0.486;0.7;2;0.333;2.2;3.8;0.565;0.543;0.2;0.5;0.333;1.8;2.3;4.2;1.7;0.5;0.3;0.5;1.8;6.5
428;Mark Williams;C;21;CHO;3;0;4.3;1.3;2.3;0.571;0;0;0;1.3;2.3;0.571;0.571;1;1;1;1.3;1.3;2.7;0;0;0;0.7;1;3.7
429;Patrick Williams;PF;21;CHI;8;8;22.6;2.9;6.5;0.442;0.8;2.5;0.3;2.1;4;0.531;0.5;1.3;1.4;0.909;0.8;1.9;2.6;0.5;1.1;0.6;1.5;1.4;7.8
430;Vince Williams Jr.;SG;22;MEM;2;0;5.5;0.5;2.5;0.2;0;2;0;0.5;0.5;1;0.2;0;0;0;0.5;1;1.5;0.5;0.5;0;0;1;1
431;Zion Williamson;PF;22;NOP;4;4;30.3;9.3;18.5;0.5;0;0;0;9.3;18.5;0.5;0.5;3.3;4.5;0.722;2.5;5.5;8;3.5;1.8;0.5;2.5;1.8;21.8
432;Justise Winslow;SF;26;POR;5;0;24.8;2.8;7.2;0.389;0.6;1.8;0.333;2.2;5.4;0.407;0.431;1.4;2;0.7;1.6;2.8;4.4;2.8;1.8;0.8;1.2;2.2;7.6
433;James Wiseman;C;21;GSW;8;0;14;3.4;5.5;0.614;0;0;0;3.4;5.5;0.614;0.614;1.5;2.4;0.632;1;2.9;3.9;0.8;0;0.5;0.8;2.5;8.3
434;Christian Wood;PF;27;DAL;6;0;25.8;5.5;9.7;0.569;1.7;3;0.556;3.8;6.7;0.575;0.655;4;6.2;0.649;1.5;6.7;8.2;0.8;0.2;0.7;2.3;3.2;16.7
435;Delon Wright;PG;30;WAS;4;0;22.8;2.5;6;0.417;0.8;3;0.25;1.8;3;0.583;0.479;0.8;1.3;0.6;1;1.5;2.5;3.3;2.8;1;1;1.3;6.5
436;McKinley Wright IV;PG;24;DAL;1;0;5;1;4;0.25;0;1;0;1;3;0.333;0.25;0;0;0;1;1;2;2;1;0;0;0;2
437;Thaddeus Young;PF;34;TOR;4;0;8;0.8;2;0.375;0.3;1.3;0.2;0.5;0.8;0.667;0.438;0;0;0;0.3;1;1.3;0.3;0.8;0;0.3;1;1.8
438;Trae Young;PG;24;ATL;7;7;35;8.9;22.4;0.395;2.6;8;0.321;6.3;14.4;0.436;0.452;8.7;9.4;0.924;0.9;2.4;3.3;9.7;0.4;0.1;3.4;1.7;29
439;Ivica Zubac;C;25;LAC;7;7;29.3;4;6.6;0.609;0;0.1;0;4;6.4;0.622;0.609;1.7;2.9;0.6;2.9;9;11.9;1.3;0.1;2.9;2.1;2.6;9.7
